Variant,Protease_Sensitivity,Binding_Activity,Binding_Specificity,Transcription_Activity,Align_GVGD
A1669S,No folding defect,Normal,Normal,Normal,C0
A1708E,Severe folding defect,Compromised,Compromised,Compromised,C65
A1708V,Severe folding defect,Compromised,Compromised,Compromised,C25
A1752P,Severe folding defect,Compromised,Compromised,Compromised,C0
A1752V,Mild folding defect,Uncertain,Compromised,Compromised,C0
A1789S,No folding defect,Normal,Uncertain,Normal,C0
A1823T,No folding defect,Normal,Normal,Normal,C0
A1830T,No folding defect,Normal,Uncertain,Normal,C0
A1843P,No folding defect,Compromised,Uncertain,Compromised,C65
C1697R,Mild folding defect,Compromised,Compromised,Compromised,C65
C1787S,No folding defect,Normal,Normal,Normal,C15
D1692H,No folding defect,Normal,Uncertain,Normal,C25
D1692N,No folding defect,Normal,Uncertain,Compromised,C0
D1692Y,Mild folding defect,Uncertain,Compromised,Compromised,C65
D1733G,No folding defect,Normal,Normal,Normal,C0
D1739E,Severe folding defect,Compromised,Compromised,Compromised,C65
D1739G,Severe folding defect,Compromised,Compromised,Compromised,C45
D1739V,Severe folding defect,Compromised,Compromised,Compromised,C65
D1739Y,Severe folding defect,Compromised,Compromised,Compromised,C65
D1778G,No folding defect,Normal,Normal,Normal,C0
D1778N,No folding defect,Normal,Normal,Normal,C0
D1778Y,No folding defect,Normal,Normal,Normal,C0
D1818G,Mild folding defect,Uncertain,Uncertain,Compromised,C35
D1851E,No folding defect,Normal,Normal,Normal,C0
E1682K,No folding defect,Normal,Normal,Normal,C0
E1682V,No folding defect,Normal,Normal,Normal,C0
E1794D,No folding defect,Normal,Normal,Normal,C0
E1836K,Mild folding defect,Uncertain,Uncertain,Compromised,C35
F1662S,No folding defect,Normal,Normal,Normal,C0
F1695L,No folding defect,Normal,Normal,Normal,C0
F1734S,Mild folding defect,Uncertain,Uncertain,Compromised,C25
F1761S,Severe folding defect,Compromised,Compromised,Compromised,C65
G1656D,Mild folding defect,Compromised,Compromised,Compromised,C65
G1706A,No folding defect,Normal,Normal,Normal,C55
G1706E,Severe folding defect,Compromised,Compromised,Uncertain,C65
G1738E,Severe folding defect,Compromised,Compromised,Compromised,C65
G1738R,Severe folding defect,Compromised,Compromised,Compromised,C65
G1763V,Severe folding defect,Compromised,Compromised,Compromised,C65
G1788D,Mild folding defect,Uncertain,Compromised,Compromised,C65
G1788V,Severe folding defect,Normal,Compromised,Compromised,C65
G1803A,Mild folding defect,Uncertain,Uncertain,Compromised,C15
H1746N,No folding defect,Compromised,Compromised,Uncertain,C35
H1805P,No folding defect,Normal,Normal,Normal,C25
I1766S,Severe folding defect,Normal,Compromised,Compromised,C65
L1664P,Severe folding defect,Compromised,Compromised,Compromised,C65
L1764P,Severe folding defect,Compromised,Compromised,Compromised,C65
L1780P,Severe folding defect,Compromised,Compromised,Compromised,C65
L1844R,Mild folding defect,Uncertain,Compromised,Compromised,C55
L1854P,Mild folding defect,Uncertain,Uncertain,Compromised,C55
M1652I,No folding defect,Normal,Normal,Normal,C0
M1652T,No folding defect,Normal,Normal,Normal,C0
M1663K,No folding defect,Normal,Normal,Normal,C15
M1663L,No folding defect,Uncertain,Normal,Compromised,C0
M1689R,Severe folding defect,Compromised,Compromised,Compromised,C65
M1689T,Mild folding defect,Uncertain,Uncertain,Compromised,C0
M1775K,No folding defect,Compromised,Compromised,Compromised,C65
M1775R,No folding defect,Compromised,Compromised,Compromised,C65
M1783I,No folding defect,Normal,Normal,Normal,C0
M1783L,No folding defect,Normal,Normal,Normal,C0
M1783T,Mild folding defect,Uncertain,Uncertain,Compromised,C0
N1647K,No folding defect,Normal,Normal,Normal,C0
N1730S,No folding defect,Normal,Normal,Normal,C0
N1819S,No folding defect,Normal,Normal,Normal,C0
P1749R,Severe folding defect,Compromised,Compromised,Compromised,C65
P1771L,No folding defect,Normal,Normal,Normal,C0
P1771R,No folding defect,Normal,Uncertain,Normal,C15
P1806A,No folding defect,Normal,Normal,Normal,C0
P1856S,No folding defect,Normal,Normal,Normal,C0
P1859R,No folding defect,Normal,Normal,Normal,C0
Q1785H,No folding defect,Normal,Normal,Normal,C0
Q1811R,Mild folding defect,Uncertain,Compromised,Compromised,C45
Q1826H,Mild folding defect,Uncertain,Uncertain,Compromised,C15
R1699L,No folding defect,Compromised,Compromised,Compromised,C45
R1699Q,No folding defect,Compromised,Compromised,Compromised,C55
R1699W,No folding defect,Compromised,Compromised,Compromised,C65
R1726G,No folding defect,Normal,Normal,Normal,C0
R1751P,Severe folding defect,Compromised,Compromised,Compromised,C55
R1751Q,No folding defect,Normal,Uncertain,Normal,C25
R1753T,Severe folding defect,Compromised,Compromised,Compromised,C45
R1835P,Mild folding defect,Uncertain,Uncertain,Compromised,C55
S1651F,No folding defect,Normal,Normal,Normal,C0
S1655F,Mild folding defect,Compromised,Normal,Compromised,C25
S1715C,Mild folding defect,Uncertain,Uncertain,Compromised,C15
S1715N,Severe folding defect,Compromised,Compromised,Compromised,C15
S1715R,Severe folding defect,Compromised,Compromised,Compromised,C65
S1722F,Severe folding defect,Compromised,Compromised,Compromised,C65
S1841N,Severe folding defect,Compromised,Compromised,Compromised,C55
S1841R,Severe folding defect,Compromised,Compromised,Compromised,C65
T1685A,Mild folding defect,Compromised,Compromised,Compromised,C15
T1685I,Severe folding defect,Compromised,Compromised,Compromised,C55
T1691I,Severe folding defect,Compromised,Compromised,Compromised,C15
T1691K,Severe folding defect,Compromised,Compromised,Compromised,C45
T1700A,No folding defect,Compromised,Compromised,Compromised,C0
T1720A,No folding defect,Normal,Normal,Normal,C0
T1773I,Mild folding defect,Uncertain,Compromised,Compromised,C15
T1773S,No folding defect,Normal,Uncertain,Normal,C0
V1653M,Severe folding defect,Compromised,Compromised,Compromised,C0
V1665M,No folding defect,Normal,Normal,Normal,C0
V1696L,No folding defect,Compromised,Compromised,Uncertain,C0
V1713A,No folding defect,Compromised,Compromised,Compromised,C0
V1714G,Severe folding defect,Compromised,Compromised,Compromised,C35
V1736A,Mild folding defect,Normal,Uncertain,Compromised,C0
V1736G,Severe folding defect,Compromised,Compromised,Compromised,C15
V1741G,Mild folding defect,Uncertain,Uncertain,Compromised,C15
V1804D,No folding defect,Normal,Normal,Normal,C0
V1808A,No folding defect,Normal,Normal,Normal,C0
V1809A,Mild folding defect,Uncertain,Uncertain,Compromised,C0
V1809F,Mild folding defect,Uncertain,Uncertain,Compromised,C15
V1810G,Mild folding defect,Uncertain,Uncertain,Compromised,C15
V1833M,Mild folding defect,Uncertain,Compromised,Compromised,C0
V1838E,Severe folding defect,Compromised,Compromised,Compromised,C65
W1718C,Severe folding defect,Compromised,Compromised,Compromised,C65
W1718S,Severe folding defect,Compromised,Compromised,Compromised,C65
W1837C,Severe folding defect,Compromised,Compromised,Compromised,C65
W1837G,No folding defect,Compromised,Uncertain,Compromised,C55
W1837R,Severe folding defect,Compromised,Compromised,Compromised,C65
Y1853C,Severe folding defect,Compromised,Compromised,Compromised,C65
