Table S7: BRCA1 variant reinterpretation with MAVE data.,,,,,,,,,,,,,,,,,,,,,,,,,,,,,,,
Gene,Position,Reference,Alt,p_variant,transcript_variant,Ambry_classification,consequence,function_score,func_class,functional_class,BayesDel,Splice_AI,Generic_prior,PP,PP_codes,PM,PM_codes,PS,PS_codes,PVS,PVS_codes,BP,BP_codes,BS,BS_codes,BA,BA_codes,ACMG_Rules_Reinterpreatation,OddsPath,Post_P,ACMG_Bayesian_Reinterpretation
BRCA1,41258531,G,A,p.L52F,c.154C>T,VUS,Missense,-0.1647,FUNC,Functionally_normal,0.137696,,0.1,0,,0,,0,,0,,1,BP4,1,BS3,0,,LB,0.02570144,0.002848,LB
BRCA1,41223028,C,T,p.E1635K,c.4903G>A,VUS,Missense,0.218818,FUNC,Functionally_normal,-0.14537,,0.1,0,,0,,0,,0,,1,BP4,1,BS3,0,,LB,0.02570144,0.002848,LB
BRCA1,41276098,G,A,p.L6F,c.16C>T,VUS,Missense,-0.18096,FUNC,Functionally_normal,-0.05529,,0.1,0,,0,,0,,0,,1,BP4,1,BS3,0,,LB,0.02570144,0.002848,LB
BRCA1,41199669,C,T,p.G1820S,c.5458G>A,VUS,Missense,-0.39662,FUNC,Functionally_normal,-0.10166,,0.1,0,,0,,0,,0,,1,BP4,1,BS3,0,,LB,0.02570144,0.002848,LB
BRCA1,41219675,G,A,p.T1675I,c.5024C>T,VUS,Missense,0.03603,FUNC,Functionally_normal,0.021097,,0.1,0,,0,,0,,0,,1,BP4,1,BS3,0,,LB,0.02570144,0.002848,LB
BRCA1,41222982,A,G,p.M1650T,c.4949T>C,VUS,Missense,0.210381,FUNC,Functionally_normal,0.023135,,0.1,0,,0,,0,,0,,1,BP4,1,BS3,0,,LB,0.02570144,0.002848,LB
BRCA1,41197806,C,T,p.M1827I,c.5481G>A,VUS,Missense,-0.34438,FUNC,Functionally_normal,0.02728,,0.1,0,,0,,0,,0,,1,BP4,1,BS3,0,,LB,0.02570144,0.002848,LB
BRCA1,41197757,G,T,p.L1844I,c.5530C>A,VUS,Missense,-0.26822,FUNC,Functionally_normal,-0.06448,,0.1,0,,0,,0,,0,,1,BP4,1,BS3,0,,LB,0.02570144,0.002848,LB
BRCA1,41276054,T,G,p.K20N,c.60A>C,VUS,Missense,-0.36031,FUNC,Functionally_normal,-0.01164,,0.1,0,,0,,0,,0,,1,BP4,1,BS3,0,,LB,0.02570144,0.002848,LB
BRCA1,41215958,A,T,p.F1695L,c.5085T>A,VUS,Missense,0.227802,FUNC,Functionally_normal,0.006267,,0.1,0,,0,,0,,0,,1,BP4,1,BS3,0,,LB,0.02570144,0.002848,LB
BRCA1,41267743,T,G,p.K45T,c.134A>C,VUS,Missense,-0.69834,FUNC,Functionally_normal,0.101091,,0.1,0,,0,,0,,0,,1,BP4,1,BS3,0,,LB,0.02570144,0.002848,LB
BRCA1,41256927,A,C,p.L87V,c.259T>G,VUS,Missense,-0.33448,FUNC,Functionally_normal,0.1304,,0.1,0,,0,,0,,0,,1,BP4,1,BS3,0,,LB,0.02570144,0.002848,LB
BRCA1,41201148,G,A,p.T1799I,c.5396C>T,VUS,Missense,0.056074,FUNC,Functionally_normal,0.06177,,0.1,0,,0,,0,,0,,1,BP4,1,BS3,0,,LB,0.02570144,0.002848,LB
BRCA1,41219631,T,G,p.K1690Q,c.5068A>C,VUS,Missense,-0.11296,FUNC,Functionally_normal,0.085989,,0.1,0,,0,,0,,0,,1,BP4,1,BS3,0,,LB,0.02570144,0.002848,LB
BRCA1,41256931,C,A,p.E85D,c.255G>T,VUS,Missense,-0.32699,FUNC,Functionally_normal,0.146503,,0.1,0,,0,,0,,0,,1,BP4,1,BS3,0,,LB,0.02570144,0.002848,LB
BRCA1,41258496,T,A,p.L63F,c.189A>T,VUS,Missense,-0.44801,FUNC,Functionally_normal,0.105676,,0.1,0,,0,,0,,0,,1,BP4,1,BS3,0,,LB,0.02570144,0.002848,LB
BRCA1,41203076,T,C,NULL,c.5332+4A>G,VUS,Splice region,-0.46336,FUNC,Functionally_normal,NA,0,0.1,0,,0,,0,,0,,1,BP4,1,BS3,0,,LB,0.02570144,0.002848,LB
BRCA1,41203077,T,C,NULL,c.5332+3A>G,VUS,Splice region,-0.07087,FUNC,Functionally_normal,NA,0,0.1,0,,0,,0,,0,,1,BP4,1,BS3,0,,LB,0.02570144,0.002848,LB
BRCA1,41258469,A,G,NULL,c.212+4T>C,VUS,Splice region,0.305861,FUNC,Functionally_normal,NA,0,0.1,0,,0,,0,,0,,1,BP4,1,BS3,0,,LB,0.02570144,0.002848,LB
BRCA1,41258553,A,G,NULL,c.135-3T>C,VUS,Splice region,0.052095,FUNC,Functionally_normal,NA,0,0.1,0,,0,,0,,0,,1,BP4,1,BS3,0,,LB,0.02570144,0.002848,LB
BRCA1,41197756,A,C,p.L1844R,c.5531T>G,VUS,Missense,-0.06158,FUNC,Functionally_normal,0.278615,,0.1,0,,0,,0,,0,,0,,1,BS3,0,,VUS,0.05345225,0.005904,LB
BRCA1,41197781,C,T,p.E1836K,c.5506G>A,VUS,Missense,-0.29993,FUNC,Functionally_normal,0.243342,,0.1,0,,0,,0,,0,,0,,1,BS3,0,,VUS,0.05345225,0.005904,LB
BRCA1,41219702,T,C,p.Y1666C,c.4997A>G,VUS,Missense,0.083457,FUNC,Functionally_normal,0.156098,,0.1,0,,0,,0,,0,,0,,1,BS3,0,,VUS,0.05345225,0.005904,LB
BRCA1,41201173,C,A,p.V1791L,c.5371G>T,VUS,Missense,0.03722,FUNC,Functionally_normal,0.181513,,0.1,0,,0,,0,,0,,0,,1,BS3,0,,VUS,0.05345225,0.005904,LB
BRCA1,41199698,A,G,p.V1810A,c.5429T>C,VUS,Missense,-0.03626,FUNC,Functionally_normal,0.175495,,0.1,0,,0,,0,,0,,0,,1,BS3,0,,VUS,0.05345225,0.005904,LB
BRCA1,41203085,G,A,p.P1776L,c.5327C>T,VUS,Missense,-0.36536,FUNC,Functionally_normal,0.264942,,0.1,0,,0,,0,,0,,0,,1,BS3,0,,VUS,0.05345225,0.005904,LB
BRCA1,41197786,G,A,p.T1834I,c.5501C>T,VUS,Missense,0.195638,FUNC,Functionally_normal,0.159398,,0.1,0,,0,,0,,0,,0,,1,BS3,0,,VUS,0.05345225,0.005904,LB
BRCA1,41267791,T,C,p.E29G,c.86A>G,VUS,Missense,-0.28665,FUNC,Functionally_normal,0.296641,,0.1,0,,0,,0,,0,,0,,1,BS3,0,,VUS,0.05345225,0.005904,LB
BRCA1,41215954,A,T,p.C1697S,c.5089T>A,VUS,Missense,-0.06925,FUNC,Functionally_normal,0.396503,,0.1,0,,0,,0,,0,,0,,1,BS3,0,,VUS,0.05345225,0.005904,LB
BRCA1,41223000,T,C,p.E1644G,c.4931A>G,VUS,Missense,0.019628,FUNC,Functionally_normal,-0.12353,,0.1,1,PM2_P,0,,0,,0,,1,BP4,1,BS3,0,,LB,0.05345225,0.005904,LB
BRCA1,41258531,G,T,p.L52I,c.154C>A,VUS,Missense,-0.2197,FUNC,Functionally_normal,0.015791,,0.1,1,PM2_P,0,,0,,0,,1,BP4,1,BS3,0,,LB,0.05345225,0.005904,LB
BRCA1,41209121,T,C,p.N1742S,c.5225A>G,VUS,Missense,0.067229,FUNC,Functionally_normal,-0.08058,,0.1,1,PM2_P,0,,0,,0,,1,BP4,1,BS3,0,,LB,0.05345225,0.005904,LB
BRCA1,41203127,C,A,p.R1762M,c.5285G>T,VUS,Missense,0.264115,FUNC,Functionally_normal,0.001447,,0.1,1,PM2_P,0,,0,,0,,1,BP4,1,BS3,0,,LB,0.05345225,0.005904,LB
BRCA1,41203091,T,C,p.N1774S,c.5321A>G,VUS,Missense,-0.10864,FUNC,Functionally_normal,-0.08252,,0.1,1,PM2_P,0,,0,,0,,1,BP4,1,BS3,0,,LB,0.05345225,0.005904,LB
BRCA1,41197811,G,T,p.Q1826K,c.5476C>A,VUS,Missense,-0.02589,FUNC,Functionally_normal,-0.22399,,0.1,1,PM2_P,0,,0,,0,,1,BP4,1,BS3,0,,LB,0.05345225,0.005904,LB
BRCA1,41201140,T,G,p.T1802P,c.5404A>C,VUS,Missense,0.305815,FUNC,Functionally_normal,-0.04757,,0.1,1,PM2_P,0,,0,,0,,1,BP4,1,BS3,0,,LB,0.05345225,0.005904,LB
BRCA1,41215930,G,C,p.L1705V,c.5113C>G,VUS,Missense,-0.14769,FUNC,Functionally_normal,0.067515,,0.1,1,PM2_P,0,,0,,0,,1,BP4,1,BS3,0,,LB,0.05345225,0.005904,LB
BRCA1,41199720,C,T,p.G1803S,c.5407G>A,VUS,Missense,-0.32051,FUNC,Functionally_normal,-0.12276,,0.1,1,PM2_P,0,,0,,0,,1,BP4,1,BS3,0,,LB,0.05345225,0.005904,LB
BRCA1,41276105,T,A,p.L3F,c.9A>T,VUS,Missense,-0.60536,FUNC,Functionally_normal,-0.1016,,0.1,1,PM2_P,0,,0,,0,,1,BP4,1,BS3,0,,LB,0.05345225,0.005904,LB
BRCA1,41223013,T,C,p.T1640A,c.4918A>G,VUS,Missense,-0.23941,FUNC,Functionally_normal,-0.14948,,0.1,1,PM2_P,0,,0,,0,,1,BP4,1,BS3,0,,LB,0.05345225,0.005904,LB
BRCA1,41219632,C,T,p.M1689I,c.5067G>A,VUS,Missense,-0.18739,FUNC,Functionally_normal,-0.0823,,0.1,1,PM2_P,0,,0,,0,,1,BP4,1,BS3,0,,LB,0.05345225,0.005904,LB
BRCA1,41199662,T,C,p.H1822R,c.5465A>G,VUS,Missense,-0.42496,FUNC,Functionally_normal,-0.03866,,0.1,1,PM2_P,0,,0,,0,,1,BP4,1,BS3,0,,LB,0.05345225,0.005904,LB
BRCA1,41201195,C,T,p.M1783I,c.5349G>A,VUS,Missense,0.214042,FUNC,Functionally_normal,0.010044,,0.1,1,PM2_P,0,,0,,0,,1,BP4,1,BS3,0,,LB,0.05345225,0.005904,LB
BRCA1,41223010,C,T,p.A1641T,c.4921G>A,VUS,Missense,0.375689,FUNC,Functionally_normal,-0.03664,,0.1,1,PM2_P,0,,0,,0,,1,BP4,1,BS3,0,,LB,0.05345225,0.005904,LB
BRCA1,41209077,C,A,p.D1757Y,c.5269G>T,VUS,Missense,0.091952,FUNC,Functionally_normal,0.040661,,0.1,1,PM2_P,0,,0,,0,,1,BP4,1,BS3,0,,LB,0.05345225,0.005904,LB
BRCA1,41223022,G,A,p.P1637S,c.4909C>T,VUS,Missense,0.37799,FUNC,Functionally_normal,-0.04069,,0.1,1,PM2_P,0,,0,,0,,1,BP4,1,BS3,0,,LB,0.05345225,0.005904,LB
BRCA1,41223040,T,A,p.S1631C,c.4891A>T,VUS,Missense,0.133622,FUNC,Functionally_normal,-0.04599,,0.1,1,PM2_P,0,,0,,0,,1,BP4,1,BS3,0,,LB,0.05345225,0.005904,LB
BRCA1,41197723,A,G,p.I1855T,c.5564T>C,VUS,Missense,-0.29152,FUNC,Functionally_normal,0.136828,,0.1,1,PM2_P,0,,0,,0,,1,BP4,1,BS3,0,,LB,0.05345225,0.005904,LB
BRCA1,41276079,T,C,p.Q12R,c.35A>G,VUS,Missense,0.313649,FUNC,Functionally_normal,0.033467,,0.1,1,PM2_P,0,,0,,0,,1,BP4,1,BS3,0,,LB,0.05345225,0.005904,LB
BRCA1,41215366,C,A,p.R1726I,c.5177G>T,VUS,Missense,-0.31371,FUNC,Functionally_normal,0.035553,,0.1,1,PM2_P,0,,0,,0,,1,BP4,1,BS3,0,,LB,0.05345225,0.005904,LB
BRCA1,41219649,T,C,p.T1684A,c.5050A>G,VUS,Missense,-0.65255,FUNC,Functionally_normal,0.081881,,0.1,1,PM2_P,0,,0,,0,,1,BP4,1,BS3,0,,LB,0.05345225,0.005904,LB
BRCA1,41219633,A,G,p.M1689T,c.5066T>C,VUS,Missense,0.042317,FUNC,Functionally_normal,0.114826,,0.1,1,PM2_P,0,,0,,0,,1,BP4,1,BS3,0,,LB,0.05345225,0.005904,LB
BRCA1,41209131,C,T,p.D1739N,c.5215G>A,VUS,Missense,-0.11401,FUNC,Functionally_normal,-0.04773,,0.1,1,PM2_P,0,,0,,0,,1,BP4,1,BS3,0,,LB,0.05345225,0.005904,LB
BRCA1,41209091,G,C,p.A1752G,c.5255C>G,VUS,Missense,-0.28137,FUNC,Functionally_normal,0.076581,,0.1,1,PM2_P,0,,0,,0,,1,BP4,1,BS3,0,,LB,0.05345225,0.005904,LB
BRCA1,41256918,T,C,p.I90V,c.268A>G,VUS,Missense,-0.07223,FUNC,Functionally_normal,0.084016,,0.1,1,PM2_P,0,,0,,0,,1,BP4,1,BS3,0,,LB,0.05345225,0.005904,LB
BRCA1,41197753,T,C,p.Y1845C,c.5534A>G,VUS,Missense,0.041729,FUNC,Functionally_normal,0.103767,,0.1,1,PM2_P,0,,0,,0,,1,BP4,1,BS3,0,,LB,0.05345225,0.005904,LB
BRCA1,41197732,G,A,p.T1852I,c.5555C>T,VUS,Missense,-0.15211,FUNC,Functionally_normal,0.118919,,0.1,1,PM2_P,0,,0,,0,,1,BP4,1,BS3,0,,LB,0.05345225,0.005904,LB
BRCA1,41267779,T,G,p.E33A,c.98A>C,VUS,Missense,-0.36258,FUNC,Functionally_normal,0.346945,,0.1,0,,0,,0,,0,,0,,1,BS3,0,,VUS,0.05345225,0.005904,LB
BRCA1,41215920,G,A,p.A1708V,c.5123C>T,VUS,Missense,-0.22296,FUNC,Functionally_normal,0.427522,,0.1,1,PP3,0,,0,,0,,0,,1,BS3,0,,VUS,0.11116664,0.012201,LB
BRCA1,41276114,T,G,NULL,c.-1A>C,VUS,5' UTR,-0.18163,FUNC,Functionally_normal,NA,0,0.1,1,PM2_P,0,,0,,0,,0,,1,BS3,0,,VUS,0.11116664,0.012201,LB
BRCA1,41197795,G,C,p.P1831R,c.5492C>G,VUS,Missense,-0.33353,FUNC,Functionally_normal,0.043329,,0.1,2,"PM2_P, PP4",0,,0,,0,,1,BP4,1,BS3,0,,LB,0.11116664,0.012201,LB
BRCA1,41203094,G,A,p.T1773I,c.5318C>T,VUS,Missense,0.200456,FUNC,Functionally_normal,0.17194,,0.1,1,PM2_P,0,,0,,0,,0,,1,BS3,0,,VUS,0.11116664,0.012201,LB
BRCA1,41222950,C,T,p.E1661K,c.4981G>A,VUS,Missense,-0.31187,FUNC,Functionally_normal,0.157863,,0.1,1,PM2_P,0,,0,,0,,0,,1,BS3,0,,VUS,0.11116664,0.012201,LB
BRCA1,41215896,T,G,p.Y1716S,c.5147A>C,VUS,Missense,0.068958,FUNC,Functionally_normal,0.209353,,0.1,1,PM2_P,0,,0,,0,,0,,1,BS3,0,,VUS,0.11116664,0.012201,LB
BRCA1,41256897,T,C,p.T97A,c.289A>G,VUS,Missense,-0.72682,FUNC,Functionally_normal,0.184934,,0.1,1,PM2_P,0,,0,,0,,0,,1,BS3,0,,VUS,0.11116664,0.012201,LB
BRCA1,41215896,T,C,p.Y1716C,c.5147A>G,VUS,Missense,-0.34481,FUNC,Functionally_normal,0.317094,,0.1,1,PM2_P,0,,0,,0,,0,,1,BS3,0,,VUS,0.11116664,0.012201,LB
BRCA1,41215957,C,G,p.V1696L,c.5086G>C,VUS,Missense,-0.40538,FUNC,Functionally_normal,0.150706,,0.1,1,PM2_P,0,,0,,0,,0,,1,BS3,0,,VUS,0.11116664,0.012201,LB
BRCA1,41215923,A,G,p.I1707T,c.5120T>C,VUS,Missense,-0.14333,FUNC,Functionally_normal,0.403017,,0.1,1,PM2_P,0,,0,,0,,0,,1,BS3,0,,VUS,0.11116664,0.012201,LB
BRCA1,41258482,A,G,p.I68T,c.203T>C,VUS,Missense,-0.31821,FUNC,Functionally_normal,0.26579,,0.1,1,PM2_P,0,,0,,0,,0,,1,BS3,0,,VUS,0.11116664,0.012201,LB
BRCA1,41256970,G,T,p.S72R,c.216C>A,VUS,Missense,-0.63753,FUNC,Functionally_normal,0.242832,,0.1,1,PM2_P,0,,0,,0,,0,,1,BS3,0,,VUS,0.11116664,0.012201,LB
BRCA1,41258479,G,A,p.T69I,c.206C>T,VUS,Missense,-0.00286,FUNC,Functionally_normal,0.250421,,0.1,1,PM2_P,0,,0,,0,,0,,1,BS3,0,,VUS,0.11116664,0.012201,LB
BRCA1,41215918,C,T,p.G1709R,c.5125G>A,VUS,Missense,-0.09621,FUNC,Functionally_normal,0.342453,,0.1,1,PM2_P,0,,0,,0,,0,,1,BS3,0,,VUS,0.11116664,0.012201,LB
BRCA1,41203085,G,T,p.P1776H,c.5327C>A,VUS,Missense,0.332097,FUNC,Functionally_normal,0.270895,,0.1,1,PM2_P,0,,0,,0,,0,,1,BS3,0,,VUS,0.11116664,0.012201,LB
BRCA1,41258513,G,T,p.P58T,c.172C>A,VUS,Missense,-0.27459,FUNC,Functionally_normal,0.16448,,0.1,1,PM2_P,0,,0,,0,,0,,1,BS3,0,,VUS,0.11116664,0.012201,LB
BRCA1,41276048,T,G,p.L22F,c.66A>C,VUS,Missense,-0.33315,FUNC,Functionally_normal,0.169223,,0.1,1,PM2_P,0,,0,,0,,0,,1,BS3,0,,VUS,0.11116664,0.012201,LB
BRCA1,41215357,A,T,p.L1729Q,c.5186T>A,VUS,Missense,-0.12953,FUNC,Functionally_normal,0.4001,,0.1,1,PM2_P,0,,0,,0,,0,,1,BS3,0,,VUS,0.11116664,0.012201,LB
BRCA1,41258469,A,T,NULL,c.212+4T>A,VUS,Splice region,0.035693,FUNC,Functionally_normal,NA,0,0.1,1,PM2_P,0,,0,,0,,0,,1,BS3,0,,VUS,0.11116664,0.012201,LB
BRCA1,41267801,C,T,NULL,c.81-5G>A,VUS,Splice region,-0.19746,FUNC,Functionally_normal,NA,0,0.1,1,PM2_P,0,,0,,0,,0,,1,BS3,0,,VUS,0.11116664,0.012201,LB
BRCA1,41199724,G,C,NULL,c.5407-4C>G,VUS,Splice region,0.418894,FUNC,Functionally_normal,NA,0,0.1,1,PM2_P,0,,0,,0,,0,,1,BS3,0,,VUS,0.11116664,0.012201,LB
BRCA1,41209064,T,C,NULL,c.5277+5A>G,VUS,Splice region,0.72253,FUNC,Functionally_normal,NA,0,0.1,1,PM2_P,0,,0,,0,,0,,1,BS3,0,,VUS,0.11116664,0.012201,LB
BRCA1,41219626,T,C,p.T1691T,c.5073A>G,VUS,Splice region,-0.38258,FUNC,Functionally_normal,NA,,0.1,1,PM2_P,0,,0,,0,,0,,1,BS3,0,,VUS,0.11116664,0.012201,LB
BRCA1,41258500,G,C,p.P62R,c.185C>G,VUS,Missense,-0.73045,FUNC,Functionally_normal,0.490078,,0.1,2,"PM2_P, PP3",0,,0,,0,,0,,1,BS3,0,,VUS,0.23119742,0.025045,LB
BRCA1,41203106,T,C,p.Y1769C,c.5306A>G,VUS,Missense,-0.84812,INT,Intermediate,-0.0865,,0.1,0,,0,,0,,0,,1,BP4,0,,0,,VUS,0.48082993,0.050716,LB
BRCA1,41197783,C,T,p.R1835Q,c.5504G>A,VUS,Missense,-0.90635,INT,Intermediate,0.146114,,0.1,0,,0,,0,,0,,1,BP4,0,,0,,VUS,0.48082993,0.050716,LB
BRCA1,41223037,C,A,p.V1632L,c.4894G>T,VUS,Missense,-0.79429,INT,Intermediate,-0.15361,,0.1,1,PM2_P,0,,0,,0,,1,BP4,0,,0,,VUS,1,0.1,VUS
BRCA1,41209110,G,T,p.H1746N,c.5236C>A,VUS,Missense,-0.75957,INT,Intermediate,0.068724,,0.1,1,PM2_P,0,,0,,0,,1,BP4,0,,0,,VUS,1,0.1,VUS
BRCA1,41219628,T,C,p.T1691A,c.5071A>G,VUS,Missense,-1.19623,INT,Intermediate,0.122941,,0.1,1,PM2_P,0,,0,,0,,1,BP4,0,,0,,VUS,1,0.1,VUS
BRCA1,41267749,A,G,p.F43S,c.128T>C,VUS,Missense,-1.241,INT,Intermediate,0.434549,,0.1,1,PP3,0,,0,,0,,0,,0,,0,,VUS,2.07973742,0.187706,VUS
BRCA1,41276116,C,A,NULL,c.-3G>T,VUS,5' UTR,-1.2288,INT,Intermediate,NA,0.02,0.1,1,PM2_P,0,,0,,0,,0,,0,,0,,VUS,2.07973742,0.187706,VUS
BRCA1,41215941,A,G,p.L1701P,c.5102T>C,VUS,Missense,-1.30043,INT,Intermediate,0.361039,,0.1,1,PM2_P,0,,0,,0,,0,,0,,0,,VUS,2.07973742,0.187706,VUS
BRCA1,41209108,G,C,p.H1746Q,c.5238C>G,VUS,Missense,-0.89683,INT,Intermediate,0.174276,,0.1,1,PM2_P,0,,0,,0,,0,,0,,0,,VUS,2.07973742,0.187706,VUS
BRCA1,41258530,A,G,p.L52P,c.155T>C,VUS,Missense,-1.26355,INT,Intermediate,0.422778,,0.1,1,PM2_P,0,,0,,0,,0,,0,,0,,VUS,2.07973742,0.187706,VUS
BRCA1,41256896,G,C,p.T97R,c.290C>G,VUS,Missense,-1.02382,INT,Intermediate,0.353836,,0.1,1,PM2_P,0,,0,,0,,0,,0,,0,,VUS,2.07973742,0.187706,VUS
BRCA1,41203110,A,C,p.C1768G,c.5302T>G,VUS,Missense,-0.96795,INT,Intermediate,0.391054,,0.1,1,PM2_P,0,,0,,0,,0,,0,,0,,VUS,2.07973742,0.187706,VUS
BRCA1,41215902,A,G,p.V1714A,c.5141T>C,VUS,Missense,-1.29934,INT,Intermediate,0.473939,,0.1,2,"PM2_P, PP3",0,,0,,0,,0,,0,,0,,VUS,4.32530773,0.324593,VUS
BRCA1,41201187,A,G,p.L1786P,c.5357T>C,VUS,Missense,-1.52151,LOF,Functionally_abnormal,0.407069,,0.1,0,,0,,1,PS3,0,,0,,0,,0,,VUS,18.7082869,0.675187,VUS
BRCA1,41256955,C,T,p.T77T,c.231G>T,VUS,Synonymous,-1.90731,LOF,Functionally_abnormal,NA,,0.1,0,,0,,1,PS3,0,,0,,0,,0,,VUS,18.7082869,0.675187,VUS
BRCA1,41215906,C,A,p.V1713L,c.5137G>T,VUS,Missense,-1.92327,LOF,Functionally_abnormal,0.107355,,0.1,1,PM2_P,0,,1,PS3,0,,1,BP4,0,,0,,VUS,18.7082869,0.675187,VUS
BRCA1,41209146,A,T,p.F1734I,c.5200T>A,VUS,Missense,-2.255,LOF,Functionally_abnormal,0.242362,,0.1,1,PM2_P,0,,1,PS3,0,,0,,0,,0,,VUS,38.9083244,0.812141,VUS
BRCA1,41203124,C,A,p.G1763V,c.5288G>T,VUS,Missense,-1.83064,LOF,Functionally_abnormal,0.255069,,0.1,1,PM2_P,0,,1,PS3,0,,0,,0,,0,,VUS,38.9083244,0.812141,VUS
BRCA1,41199695,T,C,p.Q1811R,c.5432A>G,VUS,Missense,-1.7115,LOF,Functionally_abnormal,0.192033,,0.1,1,PM2_P,0,,1,PS3,0,,0,,0,,0,,VUS,38.9083244,0.812141,VUS
BRCA1,41276082,A,C,p.V11G,c.32T>G,VUS,Missense,-2.4745,LOF,Functionally_abnormal,0.325211,,0.1,1,PM2_P,0,,1,PS3,0,,0,,0,,0,,VUS,38.9083244,0.812141,VUS
BRCA1,41209109,T,G,p.H1746P,c.5237A>C,VUS,Missense,-2.56648,LOF,Functionally_abnormal,0.363239,,0.1,1,PM2_P,0,,1,PS3,0,,0,,0,,0,,VUS,38.9083244,0.812141,VUS
BRCA1,41219658,T,G,p.T1681P,c.5041A>C,VUS,Missense,-2.06614,LOF,Functionally_abnormal,0.066661,,0.1,2,"PM2_P, PP4",0,,1,PS3,0,,1,BP4,0,,0,,VUS,38.9083244,0.812141,VUS
BRCA1,41215935,T,C,p.Y1703C,c.5108A>G,VUS,Missense,-1.82026,LOF,Functionally_abnormal,0.415402,,0.1,1,PM2_P,0,,1,PS3,0,,0,,0,,0,,VUS,38.9083244,0.812141,VUS
BRCA1,41267777,G,A,p.P34S,c.100C>T,VUS,Missense,-1.6239,LOF,Functionally_abnormal,0.473967,,0.1,2,"PM2_P, PP3",0,,1,PS3,0,,0,,0,,0,,LP,80.919098,0.89991,LP
BRCA1,41215921,C,T,p.A1708T,c.5122G>A,VUS,Missense,-1.35945,LOF,Functionally_abnormal,0.334888,,0.1,0,,1,PM5,1,PS3,0,,0,,0,,0,,LP,80.919098,0.89991,LP
BRCA1,41219715,G,C,NULL,c.4987-3C>G,VUS,Splice region,-2.03414,LOF,Functionally_abnormal,NA,1,0.1,2,"PM2_P, PP3",0,,1,PS3,0,,0,,0,,0,,LP,80.919098,0.89991,LP
BRCA1,41201205,A,C,p.L1780R,c.5339T>G,VUS,Missense,-1.98265,LOF,Functionally_abnormal,0.404472,,0.1,1,PM2_P,1,PM5,1,PS3,0,,0,,0,,0,,LP,168.290476,0.949236,LP
BRCA1,41215968,T,A,p.D1692V,c.5075A>T,VUS,Missense,-1.68567,LOF,Functionally_abnormal,0.5352,,0.1,3,"PM2_P, PP3, PP4",1,PM5,1,PS3,0,,0,,0,,0,,LP,727.908096,0.987787,LP