Exon,Codon,AA change,NT change,AlignGVGD,NVM (Hart et al.),testing group,structural feature,Forward primers,Reverse primers,,
16,1577,p.S1577Y,c.4730C>A,C0,0,assorted variants,disordered region,5'-tcagaaggatcatattcagggtcatcagagaagagg-3' ,5'-cctcttctctgatgaccctgaatatgatccttctga-3'  ,,
16,1609,p.E1609G,c.4826A>G,C0,0,assorted variants,disordered region,5'-ctggactctgggcagatcctgcaactttcaattgg-3' ,5'-ccaattgaaagttgcaggatctgcccagagtccag-3',,
16,1648,p.K1648Q,c.4942 A>C,C0,0,[N]-term border of BRCT domains,border between disordered region & BRCT,5'-cttcaacagaaagggtcaaccaaagaatgtc-3',5'-gttgaccctttctgttgaagctgtcaattc-3',,
16,1648,p.K1648E,c.4942 A>G,C0,0,[N]-term border of BRCT domains,border between disordered region & BRCT,5'-ttcaacagaaagggtcaacgaaagaatgtc-3',5'-gttgaccctttctgttgaagctgtcaattc-3',,
16,1648,p.K1648T,c.4943 A>C,C0,0,[N]-term border of BRCT domains,border between disordered region & BRCT,5'-ttcaacagaaagggtcaacacaagaatgtcc-3',5'-tgttgaccctttctgttgaagctgtcaatt-3',,
16,1648,p.K1648R,c.4943 A>G,C0,0,[N]-term border of BRCT domains,border between disordered region & BRCT,5'-ttcaacagaaagggtcaacagaagaatgtcc-3',5'-tgttgaccctttctgttgaagctgtcaatt-3',,
16,1648,p.K1648I,c.4943 A>T,C0,0,[N]-term border of BRCT domains,border between disordered region & BRCT,5'-ttcaacagaaagggtcaacataagaatgtccat-3',5'-tgttgaccctttctgttgaagctgtcaatt-3',,
16,1648,p.K1648N,c.4944 A>T,C0,0,[N]-term border of BRCT domains,border between disordered region & BRCT,5'-tcaacagaaagggtcaacaatagaatgtcca-3',5'-ttgttgaccctttctgttgaagctgtcaat-3',,
16,1649,p.R1649G,c.4945 A>G,C0,0,[N]-term border of BRCT domains,border between disordered region & BRCT,5'-caacagaaagggtcaagaaaggaatgtccat-3',5'-tttgttgaccctttctgttgaagctgtcaatt-3',,
16,1649,p.R1649K,c.4946 G>A,C0,0,[N]-term border of BRCT domains,border between disordered region & BRCT,5'-aacagaaagggtcaacaaaaaaatgtccatg-3',5'-ttttgttgaccctttctgttgaagctgtca-3',,
16,1649,p.R1649T,c.4946 G>C,C0,0,[N]-term border of BRCT domains,border between disordered region & BRCT,5'-aacagaaagggtcaacaaaacaatgtccatg-3',5'-ttttgttgaccctttctgttgaagctgtca-3',,
16,1649,p.R1649I,c.4946 G>T,C0,0,[N]-term border of BRCT domains,border between disordered region & BRCT,5'-aacagaaagggtcaacaaaataatgtccatg-3',5'-ttttgttgaccctttctgttgaagctgtca-3',,
16,1649,p.R1649S,c.4947 A>T,C0,0,[N]-term border of BRCT domains,border between disordered region & BRCT,5'-acagaaagggtcaacaaaagtatgtccatgg-3',5'-cttttgttgaccctttctgttgaagctgtc-3',,
16,1650,p.M1650V,c.4948A>G,C0,0,[N]-term border of BRCT domains,border between disordered region & BRCT,5'-ccaccatggacactcttttgttgaccctttctgttg-3'  ,5'-caacagaaagggtcaacaaaagagtgtccatggtgg-3' ,5'-ccaccatggacactcttatgttgaccctttctgttg-3'  ,5'-caacagaaagggtcaacataagagtgtccatggtgg-3' 
16,1650,p.M1650L,c.4948A>T,C0,0,[N]-term border of BRCT domains,border between disordered region & BRCT,5'-ccaccatggacagtcttttgttgaccctttctgttg-3',5'-caacagaaagggtcaacaaaagactgtccatggtgg-3',5'-ccaccatggacaatcttttgttgaccctttctgttg-3',5'-caacagaaagggtcaacaaaagattgtccatggtgg-3'
16,1650,p.M1650K,c.4949T>A,C55,0,[N]-term border of BRCT domains,border between disordered region & BRCT,5'-caccaccatggactttcttttgttgaccctttctgttg-3',5'-caacagaaagggtcaacaaaagaaagtccatggtggtg-3'  ,,
16,1650,p.M1650T,c.4949T>C,C45,0,[N]-term border of BRCT domains,border between disordered region & BRCT,5'-caccaccatggacgttcttttgttgaccctttctgttg-3',5'-caacagaaagggtcaacaaaagaacgtccatggtggtg-3' ,,
16,1650,p.M1650R,c.4949T>G,C45,0,[N]-term border of BRCT domains,border between disordered region & BRCT,5'-caccaccatggaccttcttttgttgaccctttctgttg-3' ,5'-caacagaaagggtcaacaaaagaaggtccatggtggtg-3',,
16,1651,p.S1651P,c.4951T>C,C0,1,[N]-term border of BRCT domains,border between disordered region & BRCT,5'-gccagacaccaccatgggcattcttttgttgaccc-3'  ,5'-gggtcaacaaaagaatgcccatggtggtgtctggc-3'  ,,
16,1651,p.S1651A,c.4951T>G,C0,0,[N]-term border of BRCT domains,border between disordered region & BRCT,5'-gccagacaccaccatggccattcttttgttgaccc-3'  ,5'-gggtcaacaaaagaatggccatggtggtgtctggc-3',,
16,1651,p.S1651Y,c.4952C>A,C0,0,[N]-term border of BRCT domains,border between disordered region & BRCT,5'-gccagacaccaccatgtacattcttttgttgacc-3' ,5'-ggtcaacaaaagaatgtacatggtggtgtctggc-3'  ,5'-cggaattccagagggataccatgcaa-3'  ,5'-gcggatcctcagtaggtgtccagctcc-3'  
16,1651,p.S1651C,c.4952C>G,C15,1,[N]-term border of BRCT domains,border between disordered region & BRCT,5'-gccagacaccaccatgcacattcttttgttgacc-3'  ,5'-ggtcaacaaaagaatgtgcatggtggtgtctggc-3'  ,,
17,1665,p.V1665E,c.4994T>A,C65,0,α-helices,α1,5'-gttttctggcaaacttgtactcgagcataaattcttctggg-3' ,5'-cccagaagaatttatgctcgagtacaagtttgccagaaaac-3' ,,
17,1665,p.V1665A,c.4994T>C,C65,0,α-helices,α1,5'-gttttctggcaaacttgtacgcgagcataaattcttctggg-3'  ,5'-cccagaagaatttatgctcgcgtacaagtttgccagaaaac-3' ,,
17,1665,p.V1665G,c.4994T>G,C65,0,α-helices,α1,5'-gttttctggcaaacttgtacccgagcataaattcttctggg-3' ,5'-cccagaagaatttatgctcgggtacaagtttgccagaaaac-3',,
17,1668,p.F1668S,c.5003T>C,C55,1,α-helices,α1,5'-ggtgttttctggcagacttgtacacgagcataaattcttctg-3' ,5'-cagaagaatttatgctcgtgtacaagtctgccagaaaacacc-3' ,,
17,1668,p.F1668C,c.5003T>G,C55,1,α-helices,α1,5'-ggtgttttctggcacacttgtacacgagcataaattcttctg-3'  ,5'-cagaagaatttatgctcgtgtacaagtgtgccagaaaacacc-3' ,,
19,1719,p.V1719E,c.5156T>A,C35,1,α-helices,α3,5'-tttctttaatagactgggtctcccagaaatagctaactacc-3'  ,5'-ggtagttagctatttctgggagacccagtctattaaagaaa-3'  ,,
20,1737,p.R1737G,c.5209A>G,C45,0,BRCT linker,intervening segment between Lα1 and Lβ1,5'-atgagcatgattttgaagtcggaggagatgt-3',5'-gacttcaaaatcatgctcattcagcatttttctttc-3',,
20,1737,p.R1737T,c.5210G>C,C25,0,BRCT linker,intervening segment between Lα1 and Lβ1,5'-tgagcatgattttgaagtcacaggagatgtg-3',5'-tgacttcaaaatcatgctcattcagcatttttct-3',,
20,1737,p.R1737I,c.5210G>T,C35,0,BRCT linker,intervening segment between Lα1 and Lβ1,5'-tgagcatgattttgaagtcataggagatgtg-3',5'-tgacttcaaaatcatgctcattcagcattt-3',,
20,1737,p.R1737S,c.5211A>C,C35,0,BRCT linker,intervening segment between Lα1 and Lβ1,5'-gagcatgattttgaagtcagcggagatgtgg-3',5'-ctgacttcaaaatcatgctcattcagcatttttctttcttt-3',,
5'-,1738,p.G1738A,c.5213G>C,C55,1,BRCT linker,Lβ1,5'-agcatgattttgaagtcagagcagatgtggtcaa-3',5'-tctgacttcaaaatcatgctcattcagcat-3',,
20,1738,p.G1738V,c.5213G>T,C65,1,BRCT linker,Lβ1,5'-tttgaagtcagagtagatgtggtcaat-3',5'-attgaccacatctactctgacttcaaa-3',,
20,1739,p.D1739N,c.5215G>A,C15,1,BRCT linker,Lβ1,5'-atgattttgaagtcagaggaaatgtggtcaa-3',5'-tcctctgacttcaaaatcatgctcattcag-3',,
20,1739,p.D1739H,c.5215G>C,C65,1,BRCT linker,Lβ1,5'-tgaagtcagaggacatgtggtcaatgg-3',5'-ccattgaccacatgtcctctgacttca-3',,
20,1739,p.D1739A,c.5216A>C,C65,1,BRCT linker,Lβ1,5'-tgaagtcagaggacatgtggtcaatgg-3',5'-ccattgaccacatgtcctctgacttca-3',,
20,1740,p.V1740M,c.5218G>A, C15,0,BRCT linker,Lβ1,5'-attttgaagtcagaggagatatggtcaatgg-3',5'-atctcctctgacttcaaaatcatgctcattc-3',,
20,1740,p.V1740L,c.5218G>C, C15,0,BRCT linker,Lβ1,5'-tttgaagtcagaggagatctggtcaatgg-3',5'-atctcctctgacttcaaaatcatgctcatt-3',,
20,1740,p.V1740E,c.5219T>A,C65,0,BRCT linker,Lβ1,5'-gtcagaggagatgaggtcaatggaaga-3',5'-tcttccattgacctcatctcctctgac-3',,
20,1740,p.V1740A,c.5219T>C,C65,0,BRCT linker,Lβ1,5'-gtcagaggagatgcggtcaatggaaga-3',5'-tcttccattgaccgcatctcctctgac-3',,
20,1740,p.V1740G,c.5219T>G,C65,0,BRCT linker,Lβ1,5'-gtcagaggagatggggtcaatggaaga-3',5'-tcttccattgaccccatctcctctgac-3',,
20,1741,p.V1741D,c.5222T>A, C45,0,BRCT linker,intervening segment between Lβ1 and Lα2 ,5'-tgaagtcagaggagatgtggacaatggaaga-3',5'-ccacatctcctctgacttcaaaatcatgctca-3',,
20,1741,p.V1741A,c.5222T>C, C25,0,BRCT linker,intervening segment between Lβ1 and Lα2 ,5'-tgaagtcagaggagatgtggccaatggaaga-3',5'-ccacatctcctctgacttcaaaatcatgctcattca-3',,
20,1742,p.N1742Y,c.5224A>T, C15,0,BRCT linker,intervening segment between Lβ1 and Lα2 ,5'-aagtcagaggagatgtggtctatggaagaaa-3',5'-gaccacatctcctctgacttcaaaatcatg-3',,
20,1742,p.N1742I,c.5225A>T, C15,0,BRCT linker,intervening segment between Lβ1 and Lα2 ,5'-agtcagaggagatgtggtcattggaagaaac-3',5'-tgaccacatctcctctgacttcaaaatcatg-3',,
20,1742,p.N1742K,c.5226T>A, C15,0,BRCT linker,intervening segment between Lβ1 and Lα2 ,5'-gtcagaggagatgtggtcaagggaagaaacc-3',5'-ttgaccacatctcctctgacttcaaaatcatgc-3',,
20,1743,p.G1743R,c.5227G>C, C65,1,BRCT linker,intervening segment between Lβ1 and Lα2 ,5'-agatgtggtcaatcgaagaaaccacca-3',5'-tggtggtttcttcgattgaccacatct-3',,
20,1743,p.G1743E,c.5228G>A, C65,1,BRCT linker,intervening segment between Lβ1 and Lα2 ,5'-gatgtggtcaatgaaagaaaccaccaa-3',5'-ttggtggtttctttcattgaccacatc-3',,
20,1743,p.G1743A,c.5228G>C, C55,1,BRCT linker,intervening segment between Lβ1 and Lα2 ,5'-tcagaggagatgtggtcaatgcaagaaacca-3',5'-attgaccacatctcctctgacttcaaaatcatgctc-3',,
20,1743,p.G1743V,c.5228G>T, C65,1,BRCT linker,intervening segment between Lβ1 and Lα2 ,5'-gatgtggtcaatgtaagaaaccaccaa-3',5'-ttggtggtttcttacattgaccacatc-3',,
20,1745,p.N1745D,c.5233A<G, C0,0,BRCT linker,intervening segment between Lβ1 and Lα2 ,5'-gagatgtggtcaatggaagagaccaccaagg-3',5'-tcttccattgaccacatctcctctgacttcaaaatc-3',,
20,1745,p.N1745H,c.5233A>C, C25,0,BRCT linker,intervening segment between Lβ1 and Lα2 ,5'-gagatgtggtcaatggaagacaccaccaagg-3',5'-tcttccattgaccacatctcctctgacttcaaaatc-3',,
20,1745,p.N1745Y,c.5233A>T, C45,0,BRCT linker,intervening segment between Lβ1 and Lα2 ,5'-gagatgtggtcaatggaagataccaccaagg-3',5'-tcttccattgaccacatctcctctgacttca-3',,
20,1745,p.N1745T,c.5234A>C, C25,0,BRCT linker,intervening segment between Lβ1 and Lα2 ,5'-agatgtggtcaatggaagaacccaccaaggt-3',5'-ttcttccattgaccacatctcctctgacttcaaaatc-3',,
20,1745,p.N1745S,c.5234A>G, C15,0,BRCT linker,intervening segment between Lβ1 and Lα2 ,5'-agatgtggtcaatggaagaagccaccaaggt-3',5'-ttcttccattgaccacatctcctctgacttcaaaatc-3',,
20,1745,p.N1745I,c.5234A>T, C55,0,BRCT linker,intervening segment between Lβ1 and Lα2 ,5'-agatgtggtcaatggaagaatccaccaaggt-3',5'-ttcttccattgaccacatctcctctgacttcaa-3',,
20,1745,p.N1745K,c.5235C>G, C35,0,BRCT linker,intervening segment between Lβ1 and Lα2 ,5'-gatgtggtcaatggaagaaagcaccaaggtc-3',5'-tttcttccattgaccacatctcctctgacttcaaa-3',,
20,1746,p.H1746D,c.5236C>G, C65,1,BRCT linker,intervening segment between Lβ1 and Lα2 ,5'-caatggaagaaacgaccaaggtccaaa-3',5'-tttggaccttggtcgtttcttccattg-3',,
20,1746,p.H1746Y,c.5236C>T, C65,1,BRCT linker,intervening segment between Lβ1 and Lα2 ,5'-caatggaagaaactaccaaggtccaaa-3',5'-tttggaccttggtagtttcttccattg-3',,
20,1746,p.H1746P,c.5237A>C, C65,1,BRCT linker,intervening segment between Lβ1 and Lα2 ,5'-aatggaagaaacccccaaggtccaaag-3',5'-ctttggaccttgggggtttcttccatt-3',,
20,1746,p.H1746R,c.5237A>G, C25,0,BRCT linker,intervening segment between Lβ1 and Lα2 ,5'-tgtggtcaatggaagaaaccgccaaggtcca-3',5'-ggtttcttccattgaccacatctcctctgacttcaaaatcatg-3',,
20,1746,p.H1746L,c.5237A>T, C65,0,BRCT linker,intervening segment between Lβ1 and Lα2 ,5'-aatggaagaaacctccaaggtccaaag-3',5'-ctttggaccttggaggtttcttccatt-3',,
20,1746,p.H1746Q,c.5238C>A, C15,0,BRCT linker,intervening segment between Lβ1 and Lα2 ,5'-atgtggtcaatggaagaaaccagcaaggtccaaa-3',5'-gtttcttccattgaccacatctcctctgac-3',,
20,1747,p.Q1747P,c.5240A>C,C15,0,BRCT linker,Lα2,5'-gtcaatggaagaaaccacccaggtccaaag-3',5'-ggtggtttcttccattgaccacatctcctc-3',,
20,1747,p.Q1747L,c.5240A>T,C25,0,BRCT linker,Lα2,5'-ggtcaatggaagaaaccacctaggtccaaag-3',5'-ggtggtttcttccattgaccacatctcctc-3',,
20,1747,p.Q1747K,c.5240C<A,C0,0,BRCT linker,Lα2,5'-tggtcaatggaagaaaccacaaaggtccaaa-3',5'-gtggtttcttccattgaccacatctcctctgactt-3',,
20,1747,p.Q1747E,c.5240C<G,C0,0,BRCT linker,Lα2,5'-tggtcaatggaagaaaccacgaaggtccaaa-3',5'-gtggtttcttccattgaccacatctcctctgactt-3',,
20,1747,p.Q1747H,c.5242A<C,C0,0,BRCT linker,Lα2,5'-tggtggtttcttccattgaccacatctcctctgac-3',5'-gtcaatggaagaaaccaccacggtccaaagc-3',,
20,1747,p.Q1747R,c.5240A>G, C0,0,BRCT linker,Lα2,5'-tggtcaatggaagaaaccaccgaggtccaaag-3',5'-ggtggtttcttccattgaccacatctcctctgacttc-3',,
20,1748,p.G1748S,c.5242G>A, C55,1,BRCT linker,Lα2,5'-tcaatggaagaaaccaccaaagtccaaagcg-3',5'-ttggtggtttcttccattgaccacatctcctct-3',,
20,1748,p.G1748R,c.5242G>C, C65,1,BRCT linker,Lα2,5'-aagaaaccaccaacgtccaaagcgagc-3',5'-gctcgctttggacgttggtggtttctt-3',,
20,1748,p.G1748C,c.5242G>T,C65,1,BRCT linker,Lα2,5'-aagaaaccaccaatgtccaaagcgagc-3',5'-gctcgctttggacattggtggtttctt-3',,
20,1748,p.G1748D,c.5243G>A, C65,1,BRCT linker,Lα2,5'-agaaaccaccaagatccaaagcgagca-3',5'-tgctcgctttggatcttggtggtttct-3',,
20,1748,p.G1748A,c.5243G>C, C55,1,BRCT linker,Lα2,5'-caatggaagaaaccaccaagctccaaagcga-3',5'-cttggtggtttcttccattgaccacatctcctctg-3',,
20,1748,p.G1748V,c.5243G>T, C55,1,BRCT linker,Lα2,5'-agaaaccaccaagttccaaagcgagca-3',5'-tgctcgctttggaacttggtggtttct-3',,
20,1749,p.P1749T,c.5245C>A,C35,1,BRCT linker,Lα2,5'-atggaagaaaccaccaaggtacaaagcgagc-3',5'-accttggtggtttcttccattgaccacatctc-3',,
20,1749,p.P1749A,c.5245C>G,C25,1,BRCT linker,Lα2,5'-atggaagaaaccaccaaggtgcaaagcgagc-3',5'-accttggtggtttcttccattgaccacatctcctctg-3',,
20,1749,p.P1749S,c.5245C>T,C65,1,BRCT linker,Lα2,5'-aaaccaccaaggttcaaagcgagcaag-3',5'-cttgctcgctttgaaccttggtggttt-3',,
20,1749,p.P1749Q,c.5246C>A,C65,1,BRCT linker,Lα2,5'-aaccaccaaggtcaaaagcgagcaaga-3',5'-tcttgctcgcttttgaccttggtggtt-3',,
20,1749,p.P1749L,c.5246C>T,C65,1,BRCT linker,Lα2,5'-aaccaccaaggtctaaagcgagcaaga-3',5'-tcttgctcgctttagaccttggtggtt-3',,
20,1751,p.R1751G,c.5251C>G, C45,0,BRCT linker,Lα2,5'-gaaaccaccaaggtccaaagggagcaagaga-3',5'-ctttggaccttggtggtttcttccattgaccac-3',,
20,1751,p.R1751L,c.5252G>T, C35,1,BRCT linker,Lα2,5'-aaaccaccaaggtccaaagctagcaagagaatcc-3',5'-gctttggaccttggtggtttcttccattga-3',,
20,1753,p.R1753G,c.5257A>G, C65,1,BRCT linker,Lα2,5'-caaagcgagcaggagaatcccag-3',5'-ctgggattctcctgctcgctttg-3',,
20,1753,p.R1753K,c.5258G>A, C25,0,BRCT linker,Lα2,5'-ccaaggtccaaagcgagcaaaagaatcccag-3',5'-ttgctcgctttggaccttggtggtttcttcc-3',,
20,1753,p.R1753I,c.5258G>T, C65,1,BRCT linker,Lα2,5'-ccaaagcgagcaatagaatcccaggac-3',5'-gtcctgggattctattgctcgctttgg-3',,
20,1753,p.R1753S,c.5259A>C, C65,1,BRCT linker,Lα2,5'-aagcgagcaagcgaatcccagga-3',5'-tcctgggattcgcttgctcgctt-3',,
20,1755,p.S1755C,c.5264C>G, C15,0,BRCT linker,intervening segment between Lα2 and β'1 ,5'-tccaaagcgagcaagagaatgccaggacaga-3',5'-attctcttgctcgctttggaccttggtggttttctttc-3',,
20,1757,p.D1757N,c.5269G>A, C0,0,BRCT linker,intervening segment between Lα2 and β'1 ,5'-cctgaagatctttctgttctgggattctcttgctc-3' ,5'-gagcaagagaatcccagaacagaaagatcttcagg-3'  ,,
20,1757,p.D1757H,c.5269G>A, C0,0,BRCT linker,intervening segment between Lα2 and β'1 ,5'-agcgagcaagagaatcccagcacagaaagatct-3',5'-ctgggattctcttgctcgctttggaccttg-3',,
20,1758,p.R1758I,c.5273G>T, C0,0,BRCT linker,intervening segment between Lα2 and β'1 ,5'-agcaagagaatcccaggacataaagatcttcagggg-3',5'-tgtcctgggattctcttgctcgctttggac-3',,
20,1758,p.R1758S,c.5274A>G, C0,0,BRCT linker,intervening segment between Lα2 and β'1 ,5'-gcaagagaatccaggacagcaagatcttcagg-3',5'-ctgtcctgggattctcttgctcgctttgga-3',,
20,1759,p.K1759R,c.5276A>G, C0,0,BRCT linker,intervening segment between Lα2 and β'1 ,5'-aagagaatcccaggacagaaggatcttcagggg-3',5'-ttctgtcctgggattctcttgctcgctttg-3',,
20,1759,p.K1759M,c.5276A>T, C0,0,BRCT linker,intervening segment between Lα2 and β'1 ,5'-aagagaatcccaggacagaatgatcttcagggg-3',5'-ttctgtcctgggattctcttgctcgctttg-3',,
20,1759,p.K1759N,c.5277G>T, C0,0,BRCT linker,intervening segment between Lα2 and β'1 ,5'-agagaatcccaggacagaaatatcttcaggggg-3',5'-tttctgtcctgggattctcttgctcgcttt-3',,
21,1770,p.G1770E,c.5309G>A, C0,0,assorted variants,intervening segment between β'1 and α'1,5'-gcatgttggtgaagggctcatagcaacagatttcta-3',5'-tagaaatctgttgctatgagcccttcaccaacatgc-3' ,,
21,1776,p.P1776L,c.5327C>T, C15,0,α-helices,α'1,5'-attccagttgatctgtgagcatgttggtgaagggc-3' ,5'-gcccttcaccaacatgctcacagatcaactggaat-3' ,,
22,1786,p.L1786P,c.5357T>C, C0,1,α-helices,α'1,5'-gaatggatggtacagccgtgtggtgcttctgtg-3'  ,5'-cacagaagcaccacacggctgtaccatccattc-3',,
24,1837,p.W1837S,c.5510G>C, C65,1,α-helices,α'3,5'-gtccaacaccgactctcgggtcaccaca-3' ,5'-tgtggtgacccgagagtcggtgttggac-3' ,,
24,1855,p.I1855X,c.5563_5565_ATA>TGA,n/a,n/a,[C]-term border of BRCT domains,flexible tail of BRCT,5'-cggaattccagagggataccatgcaa-3'  ,5'-gcggatcctcacaggtaggtgtccagc-3',,
24,1856,p.P1856X,c.5566_5568_CCC>TGA,n/a,n/a,[C]-term border of BRCT domains,flexible tail of BRCT,5'-cggaattccagagggataccatgcaa-3'  ,5'-gcggatcctcatatcaggtaggtgtcc-3',,
24,1857,p.Q1857X,c.5569_5571_CAG>TGA,n/a,n/a,[C]-term border of BRCT domains,flexible tail of BRCT,5'-cggaattccagagggataccatgcaa-3'  ,5'-gcggatcctcagggtatcaggtaggtg-3',,