Gene,Column Name,Mapped to ,Found in this dataset,Status
All Genes,Gene,hugo,CRAVAT_FILE,TRUE
All Genes,HGNC ID,HGNC Gene ID,MAVE_FILE,TRUE
All Genes,Ensembl_transcript_ID,transcript,CRAVAT_FILE,TRUE
All Genes,Ref_seq_transcript_ID,extra_vcf_info.HGVS_TRANSCRIPT,CRAVAT_FILE,TRUE
All Genes,HGVSc.,cchange,CRAVAT_FILE,TRUE
All Genes,HGVSp.,achange,CRAVAT_FILE,TRUE
All Genes,Chrom,chrom,CRAVAT_FILE,TRUE
All Genes,hg38_start,pos,CRAVAT_FILE,TRUE
All Genes,hg38_end,gposend,CRAVAT_FILE,TRUE
All Genes,ref_allele,ref_base,CRAVAT_FILE,TRUE
All Genes,alt_allele,alt_base,CRAVAT_FILE,TRUE
All Genes,aa_pos,HGVSp,CRAVAT_FILE,TRUE
All Genes,aa_ref,HGVSp,CRAVAT_FILE,TRUE
All Genes,aa_alt,HGVSp,CRAVAT_FILE,TRUE
All Genes,gnomad_MAF,gnomad.af,CRAVAT_FILE,TRUE
All Genes,clinvar_sig_2025,clinvar.sig,CRAVAT_FILE,TRUE
All Genes,clinvar_star_2025,clinvar.rev_stat,CRAVAT_FILE,TRUE
All Genes,clinvar_date_last_reviewed_2025,clinvar.date_last_reviewed,CRAVAT_FILE,TRUE
All Genes,Interval 1 name,Interval 1 name,MAVE_FILE,FALSE
All Genes,Interval 1 range,Interval 1 range,MAVE_FILE,FALSE
All Genes,Interval 1 MaveDB class,Interval 1 MaveDB class,MAVE_FILE,FALSE
All Genes,Interval 2 name,Interval 2 name,MAVE_FILE,FALSE
All Genes,Interval 2 range,Interval 2 range,MAVE_FILE,FALSE
All Genes,Interval 2 MaveDB class,Interval 2 MaveDB class,MAVE_FILE,FALSE
All Genes,Interval 3 name,Interval 3 name,MAVE_FILE,FALSE
All Genes,Interval 3 range,Interval 3 range,MAVE_FILE,FALSE
All Genes,Interval 3 MaveDB class,Interval 3 MaveDB class,MAVE_FILE,FALSE
All Genes,spliceAI_DS_AG,spliceai.ds_ag,CRAVAT_FILE,TRUE
All Genes,spliceAI_DS_AL,spliceai.ds_al,CRAVAT_FILE,TRUE
All Genes,spliceAI_DS_DG,spliceai.ds_dg,CRAVAT_FILE,TRUE
All Genes,spliceAI_DS_DL,spliceai.ds_dl,CRAVAT_FILE,TRUE
BRCA1,BRCA1_Findlay_auth_func_score,auth_reported_score,PILLAR_FILE,TRUE
BRCA1,BRCA1_Findlay_reported_functional_class,auth_reported_func_class,PILLAR_FILE,TRUE
BRCA1,BRCA1_Adamovich_HDR_auth_func_score,auth_reported_score,PILLAR_FILE,TRUE
BRCA1,BRCA1_Adamovich_HDR_auth_reported_functional_class,auth_reported_func_class,PILLAR_FILE,TRUE
BRCA1,BRCA1_Adamovich_Cisplatin_auth_func_score,auth_reported_score,PILLAR_FILE,TRUE
BRCA1,BRCA1_Adamovich_Cisplatin_auth_reported_functional_class,auth_reported_func_class,PILLAR_FILE,TRUE
BRCA1,BRCA1_Fernandes_eta,eta,FERNANDES_FILE,TRUE
BRCA1,BRCA1_Fernandes_fClass_Category,fClass Category,FERNANDES_FILE,TRUE
BRCA1,BRCA1_Bouwman_2013_RSE_mean,RSE_mean,BOUWMAN_2013_FILE,TRUE
BRCA1,BRCA1_Bouwman_2013_IC50_mean,IC50_mean,BOUWMAN_2013_FILE,TRUE
BRCA1,BRCA1_Bouwman_2013_Pval_mean,Pval_mean,BOUWMAN_2013_FILE,TRUE
BRCA1,BRCA1_Bouwman_2013_Classification,Classification,BOUWMAN_2013_FILE,TRUE
BRCA1,BRCA1_Bouwman_2020_Cisplatin_nIC50b,Cisplatin nIC50b,BOUWMAN_2020_FILE,TRUE
BRCA1,BRCA1_Bouwman_2020_Cisplatin_prediction,Cisplatin prediction,BOUWMAN_2020_FILE,TRUE
BRCA1,BRCA1_Bouwman_2020_Olaparib_nIC50b,Olaparib nIC50b,BOUWMAN_2020_FILE,TRUE
BRCA1,BRCA1_Bouwman_2020_Olaparib_prediction,Olaparib    prediction,BOUWMAN_2020_FILE,FALSE
BRCA1,BRCA1_Bouwman_2020_nGFP+b,n%GFP+b,BOUWMAN_2020_FILE,TRUE
BRCA1,BRCA1_Bouwman_2020_DR-GFP_prediction,DR-GFP prediction,BOUWMAN_2020_FILE,TRUE
BRCA1,BRCA1_Caleca_2019_BARD1_Binding,BARD1 Binding,CALECA_FILE,TRUE
BRCA1,BRCA1_Caleca_2019_UbCH5a_Binding,UbCH5a Binding,CALECA_FILE,TRUE
BRCA1,BRCA1_Gou_2023_Relative_HR_activity,Relative_HR_activity,GOU_FILE,TRUE
BRCA1,BRCA1_Gou_2023_HR_function,HR_function,GOU_FILE,TRUE
BRCA1,BRCA1_Fayer_2021_function_score,function_score,FAYER_FILE,FALSE
BRCA1,BRCA1_Fayer_2021_functional_class,func_class,FAYER_FILE,FALSE
BRCA1,BRCA1_Bassi_2023_HDR_assay_His_BRCA1_HeLa_DR_GFP_percent,HDR_assay_His_BRCA1_HeLa_DR_GFP_percent,BASSI_FILE,TRUE
BRCA1,BRCA1_Bassi_2023_TA_assay_DBD_BRCT_HEK293_percent,TA_assay_DBD_BRCT_HEK293_percent,BASSI_FILE,TRUE
BRCA1,BRCA1_Bassi_2023_Results_in_functional_assays_this_study,Results_in_functional_assays_this_study,BASSI_FILE,TRUE
BRCA1,BRCA1_Langerud_HEK293T_TA_Activity_Percent,HEK293T_TA_Activity_Percent,LANGERUD_FILE,FALSE
BRCA1,BRCA1_Langerud_MDA_MB_231_TA_Activity_Percent,MDA_MB_231_TA_Activity_Percent,LANGERUD_FILE,FALSE
BRCA1,BRCA1_Langerud_2018_Risk_Category,Risk_Category,LANGERUD_FILE,FALSE
BRCA1,BRCA1_Lee_2010_Structural_Stability_Table_SD,Structural_Stability_Table,LEE_FILE_1,TRUE
BRCA1,BRCA1_Lee_2010_Binding_Activity_Table_SD,Binding_Activity_Table,LEE_FILE_1,TRUE
BRCA1,BRCA1_Lee_2010_Binding_Specificity_Table,Binding_Specificity_Table,LEE_FILE_1,TRUE
BRCA1,BRCA1_Lee_2010_Transcription_Activity_BarGraph,Transcription_Activity_BarGraph,LEE_FILE_1,TRUE
BRCA1,BRCA1_Lee_2010_Protease_Sensitivity,Protease_Sensitivity,LEE_FILE_3,TRUE
BRCA1,BRCA1_Lee_2010_Binding_Activity,Binding_Activity,LEE_FILE_3,TRUE
BRCA1,BRCA1_Lee_2010_Binding_Specificity,Binding_Specificity,LEE_FILE_3,TRUE
BRCA1,BRCA1_Lee_2010_Transcription_Activity,Transcription_Activity,LEE_FILE_3,TRUE
BRCA1,BRCA1_Lee_2010_Functional_Effect,Functional_Effect,LEE_FILE_2,TRUE
BRCA1,BRCA1_Starita_HDR_predit,Starita_HDR_predict,STARITA_FILE,TRUE
BRCA1,BRCA1_Hart_2018_Functional_score,Functional Score,HART_FILE,TRUE
BRCA1,BRCA1_Hart_2018_Functional_classification,Functional Classification,HART_FILE,TRUE
BRCA2,BRCA2_Richardson_2021_HDR_score,HDR Score,RICHARDSON_FILE,FALSE
BRCA2,BRCA2_Richardson_2021_HDR_Function,Final Classification,RICHARDSON_FILE,FALSE
BRCA2,BRCA2_Hu_2024_func_score,auth_reported_score,PILLAR_FILE,TRUE
BRCA2,BRCA2_Hu_2024_HDR_func_class,auth_reported_func_class,PILLAR_FILE,TRUE
BRCA2,BRCA2_Huang_2025_func_score,Model based functional score,HUANG_FILE,FALSE
BRCA2,BRCA2_Huang_2025_HDR_func_category,Functional category ,HUANG_FILE,FALSE
BRCA2,BRCA2_Ikegami_2020_Olaparib_BF,Column F,IKEGAMI_FILE,FALSE
BRCA2,BRCA2_Ikegami_2020_Niraparib_BF,Column K,IKEGAMI_FILE,FALSE
BRCA2,BRCA2_Ikegami_2020_Rucaparib_BF,Column P,IKEGAMI_FILE,FALSE
BRCA2,BRCA2_Ikegami_2020_CBDCA_BF,Column U,IKEGAMI_FILE,FALSE
BRCA2,BRCA2_Ikegami_2020_Olaparib_fClass,Column G,IKEGAMI_FILE,FALSE
BRCA2,BRCA2_Ikegami_2020_Niraparib_fClass,Column L,IKEGAMI_FILE,FALSE
BRCA2,BRCA2_Ikegami_2020_Rucaparib_fClass,Column Q,IKEGAMI_FILE,FALSE
BRCA2,BRCA2_Ikegami_2020_CBDCA_fClass,Column V,IKEGAMI_FILE,FALSE
BRCA2,BRCA2_Hart_2021_func_score,Functional Score,HART_FILE,FALSE
BRCA2,BRCA2_Hart_2021_func_class,Functional Classification,HART_FILE,FALSE
BRCA2,BRCA2_Biswas_2020_PIF[HAT+DS],PIF[HAT+DS]a,BISWAS_FILE,FALSE
BRCA2,BRCA2_Biswas_2020_func_class,Functional classification,BISWAS_FILE,FALSE
BRCA2,BRCA2_Mesman_2021_Complementation,Complementation,MESMAN_FILE,FALSE
BRCA2,BRCA2_Mesman_2021_HDR_capacity,HDR capacity (%),MESMAN_FILE,FALSE
BRCA2,BRCA2_Mesman_2021_Cisplatin_sensitivity,Cisplatin sensitivity (%),MESMAN_FILE,FALSE
BRCA2,BRCA2_Guidugli_2018_HDR_FC,HDR_FC,GUIDUGLI_FILE,FALSE
BRCA2,BRCA2_Guidugli_2018_HDR_annotation,HDR_Annotation,GUIDUGLI_FILE,FALSE
BRCA2,BRCA2_Sahu_2023_function_score,auth_reported_score,PILLAR_FILE,TRUE
BRCA2,BRCA2_Sahu_2023_functional_class,auth_reported_func_class,PILLAR_FILE,TRUE
BRCA2,BRCA2_Sahu_2025_function_score,auth_reported_score,PILLAR_FILE,TRUE
BRCA2,BRCA2_Sahu_2025_functional_class,auth_reported_func_class,PILLAR_FILE,TRUE
BRCA2,BRCA2_Caleca_2019_BRCA2_DSS1_Binding,BRCA2/DSS1 Binding,CALECA_FILE,FALSE
BRCA2,BRCA2_Gou_2023_Relative_HR_activity,Relative_HR_activity,GOU_FILE,FALSE
BRCA2,BRCA2_Gou_2023_HR_function,HR_function,GOU_FILE,FALSE
MSH2,MSH2 Jia auth_func_score,LOF score,JIA_FILE,TRUE
MSH2,Jia_auth_reported_functional_class,Consensus classifiaction,JIA_FILE,TRUE
MSH2,MSH2_Ollodart_auth_func_score,Scoreg,OLLODART_FILE,TRUE
MSH2,Ollodart_auth_reported_functional_class,Sigi,OLLODART_FILE,TRUE
MSH2,MSH2_Bouvet_auth_func_score,MT assay result,BOUVET_FILE,TRUE
MSH2,Bouvet_auth_reported_functional_class,MT assay result,BOUVET_FILE,TRUE
PTEN,PTEN_Fayer_2021_Activity_score,Activity_score,FAYER_FILE,FALSE
PTEN,PTEN_Fayer_2021_Activity_class,Activity_class,FAYER_FILE,FALSE
PTEN,PTEN_Fayer_2021_Abundance_score,Abundance_score,FAYER_FILE,FALSE
PTEN,PTEN_Fayer_2021_Abudance_class,Abundance_class,FAYER_FILE,FALSE
PTEN,PTEN_Matreyek_2018_func_score,auth_reported_score,PILLAR_FILE,TRUE
PTEN,PTEN_Mighell_2018_func_score,auth_reported_score,PILLAR_FILE,TRUE
TP53,TP53_Fayer_2021_Classifier_Prob_func_normal,Classifier_Prob_func_normal,FAYER_FILE,TRUE
TP53,TP53_Fayer_2021_Classifier_Prob_func_abnormal,Classifier_Prob_func_abnormal,FAYER_FILE,TRUE
TP53,TP53_Fayer_2021_Classifier_prediction,Classifier_prediction,FAYER_FILE,TRUE
TP53,TP53_Funk_2025_rfs_median,rfs_median,FUNK_FILE,TRUE
TP53,TP53_Funk_2025_func_class,Funk class (PMID 39774325),FUNCTIONAL_WORKSHEET,TRUE
TP53,TP53_Kotler_RFS_H1299,RFS_H1299,KOTLER_FILE,TRUE
TP53,TP53_Kotler_func_class,Kotler class (PMID: 29979965),FUNCTIONAL_WORKSHEET,TRUE
TP53,TP53_Kawaguchi_func_class,Kawaguchi class (PMID: 16007150),FUNCTIONAL_WORKSHEET,TRUE
TP53,TP53_Kato_func_score,auth_reported_score,PILLAR_FILE,TRUE
TP53,TP53_Kato_func_class,Kato class (PMID: 12826609),FUNCTIONAL_WORKSHEET,TRUE
TP53,TP53_Giacomelli_func_score,auth_reported_score,PILLAR_FILE,TRUE
TP53,TP53_Giacomelli_func_class,Giacomelli class (PMID: 30224644),FUNCTIONAL_WORKSHEET,TRUE
VHL,VHL_Buckley_2016_function_score,auth_reported_score,PILLAR_FILE,TRUE
,,,,FALSE
,,,,FALSE
,,,,FALSE
,,,,FALSE
,,,,FALSE
,,,,FALSE
,,,,FALSE
,,,,FALSE
,,,,FALSE
,,,,FALSE
,,,,FALSE
,,,,FALSE
,,,,FALSE
,,,,FALSE
,,,,FALSE
,,,,FALSE
,,,,FALSE
,,,,FALSE
,,,,FALSE
,,,,FALSE
,,,,FALSE
,,,,FALSE
,,,,FALSE
,,,,FALSE
,,,,FALSE
,,,,FALSE
,,,,FALSE
,,,,FALSE
,,,,FALSE
,,,,FALSE
,,,,FALSE
,,,,FALSE
,,,,FALSE
,,,,FALSE
,,,,FALSE
,,,,FALSE
,,,,FALSE
,,,,FALSE
,,,,FALSE
,,,,FALSE
,,,,FALSE
,,,,FALSE
,,,,FALSE
,,,,FALSE
,,,,FALSE
,,,,FALSE
,,,,FALSE
,,,,FALSE
,,,,FALSE
,,,,FALSE
,,,,FALSE
,,,,FALSE
,,,,FALSE
,,,,FALSE
,,,,FALSE
,,,,FALSE
,,,,FALSE
,,,,FALSE
,,,,FALSE
,,,,FALSE
,,,,FALSE
,,,,FALSE
,,,,FALSE
,,,,FALSE
,,,,FALSE
,,,,FALSE
,,,,FALSE
,,,,FALSE
,,,,FALSE
,,,,FALSE
,,,,FALSE
,,,,FALSE
,,,,FALSE
,,,,FALSE
,,,,FALSE
,,,,FALSE
,,,,FALSE
,,,,FALSE
,,,,FALSE
,,,,FALSE
,,,,FALSE
,,,,FALSE
,,,,FALSE
,,,,FALSE
,,,,FALSE
,,,,FALSE
,,,,FALSE
,,,,FALSE
,,,,FALSE
,,,,FALSE
,,,,FALSE
,,,,FALSE
,,,,FALSE
,,,,FALSE
,,,,FALSE
,,,,FALSE
,,,,FALSE
,,,,FALSE
,,,,FALSE
,,,,FALSE
,,,,FALSE
,,,,FALSE
,,,,FALSE
,,,,FALSE
,,,,FALSE
,,,,FALSE
,,,,FALSE
,,,,FALSE
,,,,FALSE
,,,,FALSE
,,,,FALSE
,,,,FALSE
,,,,FALSE
,,,,FALSE
,,,,FALSE
,,,,FALSE
,,,,FALSE
,,,,FALSE
,,,,FALSE
,,,,FALSE
,,,,FALSE
,,,,FALSE
,,,,FALSE
,,,,FALSE
,,,,FALSE
,,,,FALSE
,,,,FALSE
,,,,FALSE
,,,,FALSE
,,,,FALSE
,,,,FALSE
,,,,FALSE
,,,,FALSE
,,,,FALSE
,,,,FALSE
,,,,FALSE
,,,,FALSE
,,,,FALSE
,,,,FALSE
,,,,FALSE
,,,,FALSE
,,,,FALSE
,,,,FALSE
,,,,FALSE
,,,,FALSE
,,,,FALSE
,,,,FALSE
,,,,FALSE
,,,,FALSE
,,,,FALSE
,,,,FALSE
,,,,FALSE
,,,,FALSE
,,,,FALSE
,,,,FALSE
,,,,FALSE
,,,,FALSE
,,,,FALSE
,,,,FALSE
,,,,FALSE
,,,,FALSE
,,,,FALSE
,,,,FALSE
,,,,FALSE
,,,,FALSE
,,,,FALSE
,,,,FALSE
,,,,FALSE
,,,,FALSE
,,,,FALSE
,,,,FALSE
,,,,FALSE
,,,,FALSE
,,,,FALSE
,,,,FALSE
,,,,FALSE
,,,,FALSE
,,,,FALSE
,,,,FALSE
,,,,FALSE
,,,,FALSE
,,,,FALSE
,,,,FALSE
,,,,FALSE
,,,,FALSE
,,,,FALSE
,,,,FALSE
,,,,FALSE
,,,,FALSE
,,,,FALSE
,,,,FALSE
,,,,FALSE
,,,,FALSE
,,,,FALSE
,,,,FALSE
,,,,FALSE
,,,,FALSE
,,,,FALSE
,,,,FALSE
,,,,FALSE
,,,,FALSE
,,,,FALSE
,,,,FALSE
,,,,FALSE
,,,,FALSE
,,,,FALSE
,,,,FALSE
,,,,FALSE
,,,,FALSE
,,,,FALSE
,,,,FALSE
,,,,FALSE
,,,,FALSE
,,,,FALSE
,,,,FALSE
,,,,FALSE
,,,,FALSE
,,,,FALSE
,,,,FALSE
,,,,FALSE
,,,,FALSE
,,,,FALSE
,,,,FALSE
,,,,FALSE
,,,,FALSE
,,,,FALSE
,,,,FALSE
,,,,FALSE
,,,,FALSE
,,,,FALSE
,,,,FALSE
,,,,FALSE
,,,,FALSE
,,,,FALSE
,,,,FALSE
,,,,FALSE
,,,,FALSE
,,,,FALSE
,,,,FALSE
,,,,FALSE
,,,,FALSE
,,,,FALSE
,,,,FALSE
,,,,FALSE
,,,,FALSE
,,,,FALSE
,,,,FALSE
,,,,FALSE
,,,,FALSE
,,,,FALSE
,,,,FALSE
,,,,FALSE
,,,,FALSE
,,,,FALSE
,,,,FALSE
,,,,FALSE
,,,,FALSE
,,,,FALSE
,,,,FALSE
,,,,FALSE
,,,,FALSE
,,,,FALSE
,,,,FALSE
,,,,FALSE
,,,,FALSE
,,,,FALSE
,,,,FALSE
,,,,FALSE
,,,,FALSE
,,,,FALSE
,,,,FALSE
,,,,FALSE
,,,,FALSE
,,,,FALSE
,,,,FALSE
,,,,FALSE
,,,,FALSE
,,,,FALSE
,,,,FALSE
,,,,FALSE
,,,,FALSE
,,,,FALSE
,,,,FALSE
,,,,FALSE
,,,,FALSE
,,,,FALSE
,,,,FALSE
,,,,FALSE
,,,,FALSE
,,,,FALSE
,,,,FALSE
,,,,FALSE
,,,,FALSE
,,,,FALSE
,,,,FALSE
,,,,FALSE
,,,,FALSE
,,,,FALSE
,,,,FALSE
,,,,FALSE
,,,,FALSE
,,,,FALSE
,,,,FALSE
,,,,FALSE
,,,,FALSE
,,,,FALSE
,,,,FALSE
,,,,FALSE
,,,,FALSE
,,,,FALSE
,,,,FALSE
,,,,FALSE
,,,,FALSE
,,,,FALSE
,,,,FALSE
,,,,FALSE
,,,,FALSE
,,,,FALSE
,,,,FALSE
,,,,FALSE
,,,,FALSE
,,,,FALSE
,,,,FALSE
,,,,FALSE
,,,,FALSE
,,,,FALSE
,,,,FALSE
,,,,FALSE
,,,,FALSE
,,,,FALSE
,,,,FALSE
,,,,FALSE
,,,,FALSE
,,,,FALSE
,,,,FALSE
,,,,FALSE
,,,,FALSE
,,,,FALSE
,,,,FALSE
,,,,FALSE
,,,,FALSE
,,,,FALSE
,,,,FALSE
,,,,FALSE
,,,,FALSE
,,,,FALSE
,,,,FALSE
,,,,FALSE
,,,,FALSE
,,,,FALSE
,,,,FALSE
,,,,FALSE
,,,,FALSE
,,,,FALSE
,,,,FALSE
,,,,FALSE
,,,,FALSE
,,,,FALSE
,,,,FALSE
,,,,FALSE
,,,,FALSE
,,,,FALSE
,,,,FALSE
,,,,FALSE
,,,,FALSE
,,,,FALSE
,,,,FALSE
,,,,FALSE
,,,,FALSE
,,,,FALSE
,,,,FALSE
,,,,FALSE
,,,,FALSE
,,,,FALSE
,,,,FALSE
,,,,FALSE
,,,,FALSE
,,,,FALSE
,,,,FALSE
,,,,FALSE
,,,,FALSE
,,,,FALSE
,,,,FALSE
,,,,FALSE
,,,,FALSE
,,,,FALSE
,,,,FALSE
,,,,FALSE
,,,,FALSE
,,,,FALSE
,,,,FALSE
,,,,FALSE
,,,,FALSE
,,,,FALSE
,,,,FALSE
,,,,FALSE
,,,,FALSE
,,,,FALSE
,,,,FALSE
,,,,FALSE
,,,,FALSE
,,,,FALSE
,,,,FALSE
,,,,FALSE
,,,,FALSE
,,,,FALSE
,,,,FALSE
,,,,FALSE
,,,,FALSE
,,,,FALSE
,,,,FALSE
,,,,FALSE
,,,,FALSE
,,,,FALSE
,,,,FALSE
,,,,FALSE
,,,,FALSE
,,,,FALSE
,,,,FALSE
,,,,FALSE
,,,,FALSE
,,,,FALSE
,,,,FALSE
,,,,FALSE
,,,,FALSE
,,,,FALSE
,,,,FALSE
,,,,FALSE
,,,,FALSE
,,,,FALSE
,,,,FALSE
,,,,FALSE
,,,,FALSE
,,,,FALSE
,,,,FALSE
,,,,FALSE
,,,,FALSE
,,,,FALSE
,,,,FALSE
,,,,FALSE
,,,,FALSE
,,,,FALSE
,,,,FALSE
,,,,FALSE
,,,,FALSE
,,,,FALSE
,,,,FALSE
,,,,FALSE
,,,,FALSE
,,,,FALSE
,,,,FALSE
,,,,FALSE
,,,,FALSE
,,,,FALSE
,,,,FALSE
,,,,FALSE
,,,,FALSE
,,,,FALSE
,,,,FALSE
,,,,FALSE
,,,,FALSE
,,,,FALSE
,,,,FALSE
,,,,FALSE
,,,,FALSE
,,,,FALSE
,,,,FALSE
,,,,FALSE
,,,,FALSE
,,,,FALSE
,,,,FALSE
,,,,FALSE
,,,,FALSE
,,,,FALSE
,,,,FALSE
,,,,FALSE
,,,,FALSE
,,,,FALSE
,,,,FALSE
,,,,FALSE
,,,,FALSE
,,,,FALSE
,,,,FALSE
,,,,FALSE
,,,,FALSE
,,,,FALSE
,,,,FALSE
,,,,FALSE
,,,,FALSE
,,,,FALSE
,,,,FALSE
,,,,FALSE
,,,,FALSE
,,,,FALSE
,,,,FALSE
,,,,FALSE
,,,,FALSE
,,,,FALSE
,,,,FALSE
,,,,FALSE
,,,,FALSE
,,,,FALSE
,,,,FALSE
,,,,FALSE
,,,,FALSE
,,,,FALSE
,,,,FALSE
,,,,FALSE
,,,,FALSE
,,,,FALSE
,,,,FALSE
,,,,FALSE
,,,,FALSE
,,,,FALSE
,,,,FALSE
,,,,FALSE
,,,,FALSE
,,,,FALSE
,,,,FALSE
,,,,FALSE
,,,,FALSE
,,,,FALSE
,,,,FALSE
,,,,FALSE
,,,,FALSE
,,,,FALSE
,,,,FALSE
,,,,FALSE
,,,,FALSE
,,,,FALSE
,,,,FALSE
,,,,FALSE
,,,,FALSE
,,,,FALSE
,,,,FALSE
,,,,FALSE
,,,,FALSE
,,,,FALSE
,,,,FALSE
,,,,FALSE
,,,,FALSE
,,,,FALSE
,,,,FALSE
,,,,FALSE
,,,,FALSE
,,,,FALSE
,,,,FALSE
,,,,FALSE
,,,,FALSE
,,,,FALSE
,,,,FALSE
,,,,FALSE
,,,,FALSE
,,,,FALSE
,,,,FALSE
,,,,FALSE
,,,,FALSE
,,,,FALSE
,,,,FALSE
,,,,FALSE
,,,,FALSE
,,,,FALSE
,,,,FALSE
,,,,FALSE
,,,,FALSE
,,,,FALSE
,,,,FALSE
,,,,FALSE
,,,,FALSE
,,,,FALSE
,,,,FALSE
,,,,FALSE
,,,,FALSE
,,,,FALSE
,,,,FALSE
,,,,FALSE
,,,,FALSE
,,,,FALSE
,,,,FALSE
,,,,FALSE
,,,,FALSE
,,,,FALSE
,,,,FALSE
,,,,FALSE
,,,,FALSE
,,,,FALSE
,,,,FALSE
,,,,FALSE
,,,,FALSE
,,,,FALSE
,,,,FALSE
,,,,FALSE
,,,,FALSE
,,,,FALSE
,,,,FALSE
,,,,FALSE
,,,,FALSE
,,,,FALSE
,,,,FALSE
,,,,FALSE
,,,,FALSE
,,,,FALSE
,,,,FALSE
,,,,FALSE
,,,,FALSE
,,,,FALSE
,,,,FALSE
,,,,FALSE
,,,,FALSE
,,,,FALSE
,,,,FALSE
,,,,FALSE
,,,,FALSE
,,,,FALSE
,,,,FALSE
,,,,FALSE
,,,,FALSE
,,,,FALSE
,,,,FALSE
,,,,FALSE
,,,,FALSE
,,,,FALSE
,,,,FALSE
,,,,FALSE
,,,,FALSE
,,,,FALSE
,,,,FALSE
,,,,FALSE
,,,,FALSE
,,,,FALSE
,,,,FALSE
,,,,FALSE
,,,,FALSE
,,,,FALSE
,,,,FALSE
,,,,FALSE
,,,,FALSE
,,,,FALSE
,,,,FALSE
,,,,FALSE
,,,,FALSE
,,,,FALSE
,,,,FALSE
,,,,FALSE
,,,,FALSE
,,,,FALSE
,,,,FALSE
,,,,FALSE
,,,,FALSE
,,,,FALSE
,,,,FALSE
,,,,FALSE
,,,,FALSE
,,,,FALSE
,,,,FALSE
,,,,FALSE
,,,,FALSE
,,,,FALSE
,,,,FALSE
,,,,FALSE
,,,,FALSE
,,,,FALSE
,,,,FALSE
,,,,FALSE
,,,,FALSE
,,,,FALSE
,,,,FALSE
,,,,FALSE
,,,,FALSE
,,,,FALSE
,,,,FALSE
,,,,FALSE
,,,,FALSE
,,,,FALSE
,,,,FALSE
,,,,FALSE
,,,,FALSE
,,,,FALSE
,,,,FALSE
,,,,FALSE
,,,,FALSE
,,,,FALSE
,,,,FALSE
,,,,FALSE
,,,,FALSE
,,,,FALSE
,,,,FALSE
,,,,FALSE
,,,,FALSE
,,,,FALSE
,,,,FALSE
,,,,FALSE
,,,,FALSE
,,,,FALSE
,,,,FALSE
,,,,FALSE
,,,,FALSE
,,,,FALSE
,,,,FALSE
,,,,FALSE
,,,,FALSE
,,,,FALSE
,,,,FALSE
,,,,FALSE
,,,,FALSE
,,,,FALSE
,,,,FALSE
,,,,FALSE
,,,,FALSE
,,,,FALSE
,,,,FALSE
,,,,FALSE
,,,,FALSE
,,,,FALSE
,,,,FALSE
,,,,FALSE
,,,,FALSE
,,,,FALSE
,,,,FALSE
,,,,FALSE
,,,,FALSE
,,,,FALSE
,,,,FALSE
,,,,FALSE
,,,,FALSE
,,,,FALSE
,,,,FALSE
,,,,FALSE
,,,,FALSE
,,,,FALSE
,,,,FALSE
,,,,FALSE
,,,,FALSE
,,,,FALSE
,,,,FALSE
,,,,FALSE
,,,,FALSE
,,,,FALSE
,,,,FALSE
,,,,FALSE
,,,,FALSE
,,,,FALSE
,,,,FALSE
,,,,FALSE
,,,,FALSE
,,,,FALSE
,,,,FALSE
,,,,FALSE
,,,,FALSE
,,,,FALSE
,,,,FALSE
,,,,FALSE
,,,,FALSE
,,,,FALSE
,,,,FALSE
,,,,FALSE
,,,,FALSE
,,,,FALSE
,,,,FALSE
,,,,FALSE
,,,,FALSE
,,,,FALSE
,,,,FALSE
,,,,FALSE
,,,,FALSE
,,,,FALSE
,,,,FALSE
,,,,FALSE
,,,,FALSE
,,,,FALSE
,,,,FALSE
,,,,FALSE
,,,,FALSE
,,,,FALSE
,,,,FALSE
,,,,FALSE
,,,,FALSE
,,,,FALSE
,,,,FALSE
,,,,FALSE
,,,,FALSE
,,,,FALSE
,,,,FALSE
,,,,FALSE
,,,,FALSE
,,,,FALSE
,,,,FALSE
,,,,FALSE
,,,,FALSE
,,,,FALSE
,,,,FALSE
,,,,FALSE
,,,,FALSE
,,,,FALSE
,,,,FALSE
,,,,FALSE
,,,,FALSE
,,,,FALSE
,,,,FALSE
,,,,FALSE
,,,,FALSE
,,,,FALSE
,,,,FALSE
,,,,FALSE
,,,,FALSE
,,,,FALSE
,,,,FALSE
,,,,FALSE
,,,,FALSE
,,,,FALSE
,,,,FALSE
,,,,FALSE
,,,,FALSE
,,,,FALSE
,,,,FALSE
,,,,FALSE
,,,,FALSE
,,,,FALSE
,,,,FALSE
,,,,FALSE
,,,,FALSE
,,,,FALSE
,,,,FALSE
,,,,FALSE
,,,,FALSE
,,,,FALSE
,,,,FALSE
,,,,FALSE
,,,,FALSE
,,,,FALSE
,,,,FALSE
,,,,FALSE
,,,,FALSE
,,,,FALSE
,,,,FALSE
,,,,FALSE
,,,,FALSE
,,,,FALSE
,,,,FALSE
,,,,FALSE
,,,,FALSE
,,,,FALSE
,,,,FALSE
,,,,FALSE
,,,,FALSE
,,,,FALSE
,,,,FALSE
,,,,FALSE
,,,,FALSE
,,,,FALSE
,,,,FALSE
,,,,FALSE
,,,,FALSE
,,,,FALSE
,,,,FALSE
,,,,FALSE
,,,,FALSE
,,,,FALSE
,,,,FALSE
,,,,FALSE
,,,,FALSE
,,,,FALSE
,,,,FALSE
,,,,FALSE
,,,,FALSE
,,,,FALSE
,,,,FALSE
,,,,FALSE
,,,,FALSE
,,,,FALSE
,,,,FALSE
,,,,FALSE
,,,,FALSE
,,,,FALSE