Table S9: TP53 varianat reinterpretation with na√Øve Bayes classifier functional predictions from MAVE data,,,,,,,,,,,,,,,,,,,,,,,,,,,,
Gene,p_variant,Ambry_classification,Classifier_prediction,Classifier_Prob_func_normal,Classifier_Prob_func_abnormal,BayesDel,aGVGD_class,in_silico_prediction,CancerHotspot_count,Generic_prior,PP,PP_codes,PM,PM_codes,PS,PS_codes,PVS,PVS_codes,BP,BP_codes,BS_M,BS_M_codes,BA,BA_codes,ACMG_Rules_Reinterpreatation,OddsPath,Post_P,ACMG_Bayesian_Reinterpretation
TP53,p.R290H,VUS,Functionally normal,0.990064579,0.009935421,0.0915951,Class C0,benign,0,0.1,0,,0,,0,,0,,2,"BP4, BS2_P",1,BS3_M,0,,LB,0.053452,0.0059,LB
TP53,p.V31I,VUS,Functionally normal,0.999965905,0.0000341,-0.016812,Class C0,benign,0,0.1,0,,0,,0,,0,,2,"BP4, BS2_P",1,BS3_M,0,,LB,0.053452,0.0059,LB
TP53,p.R110H,VUS,Functionally normal,0.999823466,0.000176534,0.0727602,Class C0,benign,1,0.1,0,,0,,0,,0,,2,"BP4, BS2_P",1,BS3_M,0,,LB,0.053452,0.0059,LB
TP53,p.E339K,VUS,Functionally normal,0.999809358,0.000190642,-0.0741596,Class C0,benign,0,0.1,0,,0,,0,,0,,2,"BP4, BS2_P",1,BS3_M,0,,LB,0.053452,0.0059,LB
TP53,p.S366A,VUS,Functionally normal,1.00E+00,3.38E-09,0.118579,Class C0,benign,0,0.1,0,,0,,0,,0,,1,BP4,1,BS3_M,0,,LB,0.111167,0.0122,LB
TP53,p.R333H,VUS,Functionally normal,0.999999901,9.89E-08,-0.0924086,Class C0,benign,0,0.1,0,,0,,0,,0,,1,BP4,1,BS3_M,0,,LB,0.111167,0.0122,LB
TP53,p.R290C,VUS,Functionally normal,0.999993277,0.00000672,0.148153,Class C15,benign,0,0.1,0,,0,,0,,0,,1,BP4,1,BS3_M,0,,LB,0.111167,0.0122,LB
TP53,p.L35F,VUS,Functionally normal,0.999984897,0.0000151,-0.0784713,Class C0,benign,0,0.1,0,,0,,0,,0,,1,BP4,1,BS3_M,0,,LB,0.111167,0.0122,LB
TP53,p.E339Q,VUS,Functionally normal,0.999999672,0.000000328,0.0408311,Class C0,benign,0,0.1,0,,0,,0,,0,,1,BP4,1,BS3_M,0,,LB,0.111167,0.0122,LB
TP53,p.G108S,VUS,Functionally normal,0.999554542,0.000445458,0.0347452,Class C0,benign,0,0.1,0,,0,,0,,0,,1,BP4,1,BS3_M,0,,LB,0.111167,0.0122,LB
TP53,p.S303G,VUS,Functionally normal,0.999890642,0.000109358,-0.0725987,Class C0,benign,0,0.1,0,,0,,0,,0,,1,BP4,1,BS3_M,0,,LB,0.111167,0.0122,LB
TP53,p.A63V,VUS,Functionally normal,0.999985019,0.000015,-0.0986917,Class C0,benign,0,0.1,0,,0,,0,,0,,1,BP4,1,BS3_M,0,,LB,0.111167,0.0122,LB
TP53,p.Q354K,VUS,Functionally normal,0.99999983,0.00000017,-0.28294,Class C0,benign,0,0.1,0,,0,,0,,0,,1,BP4,1,BS3_M,0,,LB,0.111167,0.0122,LB
TP53,p.R342Q,VUS,Functionally normal,0.999957934,0.0000421,-0.277905,Class C0,benign,0,0.1,0,,0,,0,,0,,1,BP4,1,BS3_M,0,,LB,0.111167,0.0122,LB
TP53,p.Q5R,VUS,Functionally normal,9.98E-01,0.002364597,0.0446991,Class C0,benign,0,0.1,0,,0,,0,,0,,1,BP4,1,BS3_M,0,,LB,0.111167,0.0122,LB
TP53,p.E11K,VUS,Functionally normal,1.00E+00,0.00000156,0.0906186,Class C0,benign,0,0.1,0,,0,,0,,0,,1,BP4,1,BS3_M,0,,LB,0.111167,0.0122,LB
TP53,p.E388A,VUS,Functionally normal,1,1.75E-11,-0.0336456,Class C0,benign,0,0.1,0,,0,,0,,0,,1,BP4,1,BS3_M,0,,LB,0.111167,0.0122,LB
TP53,p.S185N,VUS,Functionally normal,0.998921307,0.001078693,-0.159418,Class C0,benign,0,0.1,0,,0,,0,,0,,1,BP4,1,BS3_M,0,,LB,0.111167,0.0122,LB
TP53,p.G360E,VUS,Functionally normal,0.999999293,0.000000707,-0.331088,Class C0,benign,0,0.1,0,,0,,0,,0,,1,BP4,1,BS3_M,0,,LB,0.111167,0.0122,LB
TP53,p.V157I,VUS,Functionally normal,0.998846337,0.001153663,-0.0570695,Class C0,benign,0,0.1,0,,0,,0,,0,,1,BP4,1,BS3_M,0,,LB,0.111167,0.0122,LB
TP53,p.S314F,VUS,Functionally normal,0.999959346,0.0000407,0.0664231,Class C15,benign,0,0.1,0,,0,,0,,0,,1,BP4,1,BS3_M,0,,LB,0.111167,0.0122,LB
TP53,p.D49H,VUS,Functionally normal,9.89E-01,0.010923969,-0.0306805,Class C0,benign,0,0.1,0,,0,,0,,0,,1,BP4,1,BS3_M,0,,LB,0.111167,0.0122,LB
TP53,p.D7H,VUS,Functionally normal,1.00E+00,0.0000153,0.100729,Class C0,benign,0,0.1,0,,0,,0,,0,,1,BP4,1,BS3_M,0,,LB,0.111167,0.0122,LB
TP53,p.I50T,VUS,Functionally normal,0.99999994,5.98E-08,-0.0654571,Class C0,benign,0,0.1,0,,0,,0,,0,,1,BP4,1,BS3_M,0,,LB,0.111167,0.0122,LB
TP53,p.S315T,VUS,Functionally normal,1.00E+00,0.0000044,-0.0544455,Class C0,benign,0,0.1,0,,0,,0,,0,,1,BP4,1,BS3_M,0,,LB,0.111167,0.0122,LB
TP53,p.R379H,VUS,Functionally normal,0.999998527,0.00000147,-0.0720003,Class C0,benign,0,0.1,0,,0,,0,,0,,1,BP4,1,BS3_M,0,,LB,0.111167,0.0122,LB
TP53,p.E358V,VUS,Functionally normal,0.999999975,2.49E-08,-0.0752322,Class C15,benign,0,0.1,0,,0,,0,,0,,1,BP4,1,BS3_M,0,,LB,0.111167,0.0122,LB
TP53,p.A78G,VUS,Functionally normal,0.999997656,0.00000234,-0.173897,Class C0,benign,0,0.1,0,,0,,0,,0,,1,BP4,1,BS3_M,0,,LB,0.111167,0.0122,LB
TP53,p.R379C,VUS,Functionally normal,0.999999947,5.32E-08,-0.149553,Class C0,benign,0,0.1,0,,0,,0,,0,,1,BP4,1,BS3_M,0,,LB,0.111167,0.0122,LB
TP53,p.A74V,VUS,Functionally normal,0.999999998,1.87E-09,-0.213549,Class C0,benign,0,0.1,0,,0,,0,,0,,1,BP4,1,BS3_M,0,,LB,0.111167,0.0122,LB
TP53,p.G325R,VUS,Functionally normal,1.00E+00,0.000206447,0.0477801,Class C0,benign,0,0.1,0,,0,,0,,0,,1,BP4,1,BS3_M,0,,LB,0.111167,0.0122,LB
TP53,p.P13S,VUS,Functionally normal,0.999782962,0.000217038,0.123287,Class C0,benign,0,0.1,0,,0,,0,,0,,1,BP4,1,BS3_M,0,,LB,0.111167,0.0122,LB
TP53,p.A84T,VUS,Functionally normal,1.00E+00,0.00000251,-0.0501613,Class C0,benign,0,0.1,0,,0,,0,,0,,1,BP4,1,BS3_M,0,,LB,0.111167,0.0122,LB
TP53,p.D61G,VUS,Functionally normal,0.996616783,0.003383217,-0.0863219,Class C0,benign,0,0.1,0,,0,,0,,0,,1,BP4,1,BS3_M,0,,LB,0.111167,0.0122,LB
TP53,p.E287K,VUS,Functionally normal,0.999133025,0.000866975,0.0471518,Class C0,benign,0,0.1,0,,0,,0,,0,,1,BP4,1,BS3_M,0,,LB,0.111167,0.0122,LB
TP53,p.P77T,VUS,Functionally normal,0.903333179,0.096666821,-0.172543,Class C0,benign,0,0.1,0,,0,,0,,0,,1,BP4,1,BS3_M,0,,LB,0.111167,0.0122,LB
TP53,p.M384T,VUS,Functionally normal,0.999999945,5.54E-08,-0.121169,Class C0,benign,0,0.1,0,,0,,0,,0,,1,BP4,1,BS3_M,0,,LB,0.111167,0.0122,LB
TP53,p.G360R,VUS,Functionally normal,0.999995497,0.0000045,-0.187786,Class C0,benign,0,0.1,0,,0,,0,,0,,1,BP4,1,BS3_M,0,,LB,0.111167,0.0122,LB
TP53,p.T304A,VUS,Functionally normal,0.999726666,0.000273334,-0.201756,Class C0,benign,0,0.1,0,,0,,0,,0,,1,BP4,1,BS3_M,0,,LB,0.111167,0.0122,LB
TP53,p.G360W,VUS,Functionally normal,1.00E+00,1.91E-08,-0.108766,Class C0,benign,0,0.1,0,,0,,0,,0,,1,BP4,1,BS3_M,0,,LB,0.111167,0.0122,LB
TP53,p.F338L,VUS,Functionally normal,0.996838081,0.003161919,0.0895969,Class C0,benign,0,0.1,0,,0,,0,,0,,1,BP4,1,BS3_M,0,,LB,0.111167,0.0122,LB
TP53,p.R379S,VUS,Functionally normal,0.999998508,0.00000149,-0.149742,Class C0,benign,0,0.1,0,,0,,0,,0,,1,BP4,1,BS3_M,0,,LB,0.111167,0.0122,LB
TP53,p.R156C,VUS,Functionally normal,0.999995816,0.00000418,-0.0272154,Class C15,benign,0,0.1,0,,0,,0,,0,,1,BP4,1,BS3_M,0,,LB,0.111167,0.0122,LB
TP53,p.A83E,VUS,Functionally normal,0.999968577,0.0000314,-0.0332175,Class C0,benign,0,0.1,0,,0,,0,,0,,1,BP4,1,BS3_M,0,,LB,0.111167,0.0122,LB
TP53,p.R283H,VUS,Functionally normal,8.89E-01,0.110884269,0.301011,Class C0,none,0,0.1,0,,0,,0,,0,,0,,1,BS3_M,0,,VUS,0.231197,0.025,LB
TP53,p.V122M,VUS,Functionally normal,0.92438109,0.07561891,0.134118,Class C15,benign,0,0.1,1,PM2_P,0,,0,,0,,1,BP4,1,BS3_M,0,,LB,0.231197,0.025,LB
TP53,p.G293W,VUS,Functionally normal,0.999986055,0.0000139,0.202575,Class C0,none,0,0.1,0,,0,,0,,0,,0,,1,BS3_M,0,,VUS,0.231197,0.025,LB
TP53,p.M384V,VUS,Functionally normal,0.999999994,6.03E-09,-0.0730876,Class C0,benign,0,0.1,1,PM2_P,0,,0,,0,,1,BP4,1,BS3_M,0,,LB,0.231197,0.025,LB
TP53,p.P222L,VUS,Functionally normal,0.999161875,0.000838125,0.224549,Class C0,none,0,0.1,0,,0,,0,,0,,0,,1,BS3_M,0,,VUS,0.231197,0.025,LB
TP53,p.G325E,VUS,Functionally normal,0.999256202,0.000743798,-0.176907,Class C0,benign,0,0.1,1,PM2_P,0,,0,,0,,1,BP4,1,BS3_M,0,,LB,0.231197,0.025,LB
TP53,p.A88V,VUS,Functionally normal,0.999999963,3.74E-08,0.0100669,Class C0,benign,0,0.1,1,PM2_P,0,,0,,0,,1,BP4,1,BS3_M,0,,LB,0.231197,0.025,LB
TP53,p.H365Y,VUS,Functionally normal,0.999987242,0.0000128,0.135166,Class C0,benign,0,0.1,1,PM2_P,0,,0,,0,,1,BP4,1,BS3_M,0,,LB,0.231197,0.025,LB
TP53,p.K372R,VUS,Functionally normal,0.999999523,0.000000477,-0.0541944,Class C0,benign,0,0.1,1,PM2_P,0,,0,,0,,1,BP4,1,BS3_M,0,,LB,0.231197,0.025,LB
TP53,p.T170M,VUS,Functionally normal,0.99999406,0.00000594,0.321305,Class C15,none,0,0.1,0,,0,,0,,0,,0,,1,BS3_M,0,,VUS,0.231197,0.025,LB
TP53,p.R306Q,VUS,Functionally normal,0.999952396,0.0000476,0.265212,Class C0,none,1,0.1,0,,0,,0,,0,,0,,1,BS3_M,0,,VUS,0.231197,0.025,LB
TP53,p.H368Y,VUS,Functionally normal,0.999999988,1.15E-08,-0.258202,Class C0,benign,0,0.1,1,PM2_P,0,,0,,0,,1,BP4,1,BS3_M,0,,LB,0.231197,0.025,LB
TP53,p.P47R,VUS,Functionally normal,0.517342423,0.482657577,-0.0441441,Class C0,benign,0,0.1,1,PM2_P,0,,0,,0,,1,BP4,1,BS3_M,0,,LB,0.231197,0.025,LB
TP53,p.S33Y,VUS,Functionally normal,0.999988797,0.0000112,0.0571886,Class C0,benign,0,0.1,1,PM2_P,0,,0,,0,,1,BP4,1,BS3_M,0,,LB,0.231197,0.025,LB
TP53,p.E358K,VUS,Functionally normal,0.999998979,0.00000102,-0.0970611,Class C0,benign,0,0.1,1,PM2_P,0,,0,,0,,1,BP4,1,BS3_M,0,,LB,0.231197,0.025,LB
TP53,p.P191R,VUS,Functionally normal,1.00E+00,0.0000862,0.0942234,Class C35,none,0,0.1,0,,0,,0,,0,,0,,1,BS3_M,0,,VUS,0.231197,0.025,LB
TP53,p.M160I,VUS,Functionally normal,0.99904794,0.00095206,0.199364,Class C0,none,0,0.1,0,,0,,0,,0,,0,,1,BS3_M,0,,VUS,0.231197,0.025,LB
TP53,p.R379L,VUS,Functionally normal,0.999999992,7.81E-09,-0.0781755,Class C0,benign,0,0.1,1,PM2_P,0,,0,,0,,1,BP4,1,BS3_M,0,,LB,0.231197,0.025,LB
TP53,p.S95F,VUS,Functionally normal,0.780414176,0.219585824,0.133178,Class C0,benign,0,0.1,1,PM2_P,0,,0,,0,,1,BP4,1,BS3_M,0,,LB,0.231197,0.025,LB
TP53,p.G356R,VUS,Functionally normal,0.999952759,0.0000472,-0.347259,Class C0,benign,0,0.1,1,PM2_P,0,,0,,0,,1,BP4,1,BS3_M,0,,LB,0.231197,0.025,LB
TP53,p.P153S,VUS,Functionally normal,1.00E+00,0.00000135,-0.023348,Class C0,benign,0,0.1,1,PM2_P,0,,0,,0,,1,BP4,1,BS3_M,0,,LB,0.231197,0.025,LB
TP53,p.M66I,VUS,Functionally normal,0.999964571,0.0000354,-0.151035,Class C0,benign,0,0.1,1,PM2_P,0,,0,,0,,1,BP4,1,BS3_M,0,,LB,0.231197,0.025,LB
TP53,p.S46P,VUS,Functionally normal,0.998148244,0.001851756,-0.0898869,Class C0,benign,0,0.1,1,PM2_P,0,,0,,0,,1,BP4,1,BS3_M,0,,LB,0.231197,0.025,LB
TP53,p.S367G,VUS,Functionally normal,0.999999616,0.000000384,-0.048084,Class C0,benign,0,0.1,1,PM2_P,0,,0,,0,,1,BP4,1,BS3_M,0,,LB,0.231197,0.025,LB
TP53,p.V143L,VUS,Functionally normal,0.588836266,0.411163734,0.0390943,Class C0,benign,0,0.1,1,PM2_P,0,,0,,0,,1,BP4,1,BS3_M,0,,LB,0.231197,0.025,LB
TP53,p.T102I,VUS,Functionally normal,0.999935234,0.0000648,0.0598191,Class C15,benign,0,0.1,1,PM2_P,0,,0,,0,,1,BP4,1,BS3_M,0,,LB,0.231197,0.025,LB
TP53,p.G374S,VUS,Functionally normal,0.99999973,0.00000027,0.0132463,Class C0,benign,0,0.1,1,PM2_P,0,,0,,0,,1,BP4,1,BS3_M,0,,LB,0.231197,0.025,LB
TP53,p.S303N,VUS,Functionally normal,0.999966473,0.0000335,-0.114728,Class C0,benign,0,0.1,1,PM2_P,0,,0,,0,,1,BP4,1,BS3_M,0,,LB,0.231197,0.025,LB
TP53,p.M40T,VUS,Functionally normal,0.999986491,0.0000135,-0.0137557,Class C0,benign,0,0.1,1,PM2_P,0,,0,,0,,1,BP4,1,BS3_M,0,,LB,0.231197,0.025,LB
TP53,p.M243L,VUS,Functionally normal,0.961312222,0.038687778,0.0871823,Class C0,benign,0,0.1,1,PM2_P,0,,0,,0,,1,BP4,1,BS3_M,0,,LB,0.231197,0.025,LB
TP53,p.H297R,VUS,Functionally normal,0.990532917,0.009467083,-0.237058,Class C0,benign,0,0.1,1,PM2_P,0,,0,,0,,1,BP4,1,BS3_M,0,,LB,0.231197,0.025,LB
TP53,p.A63T,VUS,Functionally normal,0.999960923,0.0000391,-0.151291,Class C0,benign,0,0.1,1,PM2_P,0,,0,,0,,1,BP4,1,BS3_M,0,,LB,0.231197,0.025,LB
TP53,p.P322S,VUS,Functionally normal,0.999994071,0.00000593,0.0279912,Class C0,benign,0,0.1,1,PM2_P,0,,0,,0,,1,BP4,1,BS3_M,0,,LB,0.231197,0.025,LB
TP53,p.V225I,VUS,Functionally normal,0.999945446,0.0000546,-0.0357035,Class C0,benign,0,0.1,1,PM2_P,0,,0,,0,,1,BP4,1,BS3_M,0,,LB,0.231197,0.025,LB
TP53,p.E28V,VUS,Functionally normal,1.00E+00,0.000000247,-0.00100106,Class C0,benign,0,0.1,1,PM2_P,0,,0,,0,,1,BP4,1,BS3_M,0,,LB,0.231197,0.025,LB
TP53,p.P309S,VUS,Functionally normal,0.9999497,0.0000503,0.138442,Class C0,benign,0,0.1,1,PM2_P,0,,0,,0,,1,BP4,1,BS3_M,0,,LB,0.231197,0.025,LB
TP53,p.F385L,VUS,Functionally normal,0.999998984,0.00000102,-0.340773,Class C0,benign,0,0.1,1,PM2_P,0,,0,,0,,1,BP4,1,BS3_M,0,,LB,0.231197,0.025,LB
TP53,p.H115N,VUS,Functionally normal,0.999994904,0.0000051,-0.462135,Class C15,benign,0,0.1,1,PM2_P,0,,0,,0,,1,BP4,1,BS3_M,0,,LB,0.231197,0.025,LB
TP53,p.I50N,VUS,Functionally normal,0.999988666,0.0000113,-0.0373514,Class C0,benign,0,0.1,1,PM2_P,0,,0,,0,,1,BP4,1,BS3_M,0,,LB,0.231197,0.025,LB
TP53,p.N29T,VUS,Functionally normal,0.100346179,0.899653821,-0.027511,Class C0,benign,0,0.1,1,PM2_P,0,,0,,0,,1,BP4,1,BS3_M,0,,LB,0.231197,0.025,LB
TP53,p.P82A,VUS,Functionally normal,0.772250747,0.227749253,-0.0142746,Class C0,benign,0,0.1,1,PM2_P,0,,0,,0,,1,BP4,1,BS3_M,0,,LB,0.231197,0.025,LB
TP53,p.T284S,VUS,Functionally normal,0.999995244,0.00000476,0.0192573,Class C0,benign,0,0.1,1,PM2_P,0,,0,,0,,1,BP4,1,BS3_M,0,,LB,0.231197,0.025,LB
TP53,p.H115R,VUS,Functionally normal,0.999990752,0.00000925,0.0464313,Class C0,benign,0,0.1,1,PM2_P,0,,0,,0,,1,BP4,1,BS3_M,0,,LB,0.231197,0.025,LB
TP53,p.V217L,VUS,Functionally normal,0.660265582,0.339734418,-0.0275725,Class C0,benign,0,0.1,1,PM2_P,0,,0,,0,,1,BP4,1,BS3_M,0,,LB,0.231197,0.025,LB
TP53,p.R156S,VUS,Functionally normal,0.99999846,0.00000154,-0.00581858,Class C0,benign,0,0.1,1,PM2_P,0,,0,,0,,1,BP4,1,BS3_M,0,,LB,0.231197,0.025,LB
TP53,p.D42G,VUS,Functionally normal,0.999162066,0.000837934,-0.068851,Class C0,benign,0,0.1,1,PM2_P,0,,0,,0,,1,BP4,1,BS3_M,0,,LB,0.231197,0.025,LB
TP53,p.R363K,VUS,Functionally normal,0.999953922,0.0000461,-0.26098,Class C0,benign,0,0.1,1,PM2_P,0,,0,,0,,1,BP4,1,BS3_M,0,,LB,0.231197,0.025,LB
TP53,p.G361E,VUS,Functionally normal,0.999998425,0.00000157,-0.261556,Class C0,benign,0,0.1,1,PM2_P,0,,0,,0,,1,BP4,1,BS3_M,0,,LB,0.231197,0.025,LB
TP53,p.G325V,VUS,Functionally normal,0.99998143,0.0000186,0.175135,Class C0,none,0,0.1,0,,0,,0,,0,,0,,1,BS3_M,0,,VUS,0.231197,0.025,LB
TP53,p.N131K,VUS,Functionally normal,0.99727796,0.00272204,0.00514535,Class C65,none,1,0.1,0,,0,,0,,0,,0,,1,BS3_M,0,,VUS,0.231197,0.025,LB
TP53,p.R283C,VUS,Functionally normal,0.999993484,0.00000652,0.330924,Class C55,path_p,0,0.1,1,PP3,0,,0,,0,,0,,1,BS3_M,0,,VUS,0.48083,0.0507,LB
TP53,p.G262S,VUS,Functionally normal,0.991491682,0.008508318,0.55927,Class C55,path_p,0,0.1,1,PP3,0,,0,,0,,0,,1,BS3_M,0,,VUS,0.48083,0.0507,LB
TP53,p.R333C,VUS,Functionally normal,0.999998425,0.00000157,0.236995,Class C35,path_p,0,0.1,1,PP3,0,,0,,0,,0,,1,BS3_M,0,,VUS,0.48083,0.0507,LB
TP53,p.R267Q,VUS,Functionally normal,0.76631844,0.23368156,0.593406,Class C35,path_p,4,0.1,1,PP3,0,,0,,0,,0,,1,BS3_M,0,,VUS,0.48083,0.0507,LB
TP53,p.G226V,VUS,Functionally normal,0.999769719,0.000230281,0.366488,Class C15,none,0,0.1,1,PM2_P,0,,0,,0,,0,,1,BS3_M,0,,VUS,0.48083,0.0507,LB
TP53,p.R196Q,VUS,Functionally normal,0.981258979,0.018741021,0.578719,Class C35,path_p,1,0.1,1,PP3,0,,0,,0,,0,,1,BS3_M,0,,VUS,0.48083,0.0507,LB
TP53,p.Q136H,VUS,Functionally normal,0.957122545,0.042877455,0.523721,Class C15,none,1,0.1,1,PM2_P,0,,0,,0,,0,,1,BS3_M,0,,VUS,0.48083,0.0507,LB
TP53,p.R282Q,VUS,Functionally normal,0.934144395,0.065855605,0.477696,Class C35,path_p,3,0.1,1,PP3,0,,0,,0,,0,,1,BS3_M,0,,VUS,0.48083,0.0507,LB
TP53,p.R110S,VUS,Functionally normal,0.99995673,0.0000433,0.00936192,Class C15,benign,0,0.1,2,"PM2_P, PM5_P",0,,0,,0,,1,BP4,1,BS3_M,0,,VUS,0.48083,0.0507,LB
TP53,p.K291E,VUS,Functionally normal,0.997612487,0.002387513,0.0827339,Class C55,none,0,0.1,1,PM2_P,0,,0,,0,,0,,1,BS3_M,0,,VUS,0.48083,0.0507,LB
TP53,p.T123I,VUS,Functionally normal,0.721478349,0.278521651,0.325197,Class C0,none,0,0.1,1,PM2_P,0,,0,,0,,0,,1,BS3_M,0,,VUS,0.48083,0.0507,LB
TP53,p.A189V,VUS,Functionally normal,0.999999679,0.000000321,0.416152,Class C55,path_p,0,0.1,1,PP3,0,,0,,0,,0,,1,BS3_M,0,,VUS,0.48083,0.0507,LB
TP53,p.P13R,VUS,Functionally normal,0.999998711,0.00000129,0.180256,Class C0,none,0,0.1,1,PM2_P,0,,0,,0,,0,,1,BS3_M,0,,VUS,0.48083,0.0507,LB
TP53,p.R110C,VUS,Functionally normal,0.999845241,0.000154759,0.0366757,Class C35,none,6,0.1,1,PM5_P,0,,0,,0,,0,,1,BS3_M,0,,VUS,0.48083,0.0507,LB
TP53,p.I254V,VUS,Functionally normal,0.999967615,0.0000324,0.17079,Class C25,path_p,2,0.1,1,PP3,0,,0,,0,,0,,1,BS3_M,0,,VUS,0.48083,0.0507,LB
TP53,p.T140N,VUS,Functionally normal,0.999769431,0.000230569,0.155978,Class C55,none,0,0.1,1,PM2_P,0,,0,,0,,0,,1,BS3_M,0,,VUS,0.48083,0.0507,LB
TP53,p.Y107S,VUS,Functionally normal,0.956112916,0.043887084,0.224254,Class C15,none,0,0.1,1,PM2_P,0,,0,,0,,0,,1,BS3_M,0,,VUS,0.48083,0.0507,LB
TP53,p.G154D,VUS,Functionally normal,0.9998369,0.0001631,0.273323,Class C65,path_m,1,0.1,0,,1,PP3_M,0,,0,,0,,1,BS3_M,0,,VUS,1,0.1,VUS
TP53,p.G117R,VUS,Functionally normal,0.979766427,0.020233573,0.183847,Class C25,path_p,0,0.1,2,"PP3, PM2_P",0,,0,,0,,0,,1,BS3_M,0,,VUS,1,0.1,VUS
TP53,p.V97A,VUS,Functionally normal,0.986516254,0.013483746,0.182305,Class C25,path_p,0,0.1,2,"PP3, PM2_P",0,,0,,0,,0,,1,BS3_M,0,,VUS,1,0.1,VUS
TP53,p.A119P,VUS,Functionally normal,0.709592056,0.290407944,0.429387,Class C25,path_p,0,0.1,2,"PP3, PM2_P",0,,0,,0,,0,,1,BS3_M,0,,VUS,1,0.1,VUS
TP53,p.R335C,VUS,Functionally normal,0.999995076,0.00000492,0.275069,Class C25,path_p,0,0.1,2,"PP3, PM2_P",0,,0,,0,,0,,1,BS3_M,0,,VUS,1,0.1,VUS
TP53,p.E171K,VUS,Functionally normal,0.999995352,0.00000465,0.308813,Class C55,path_p,0,0.1,2,"PP3, PM2_P",0,,0,,0,,0,,1,BS3_M,0,,VUS,1,0.1,VUS
TP53,p.C124S,VUS,Functionally normal,0.906371124,0.093628876,0.257897,Class C65,path_m,0,0.1,0,,1,PP3_M,0,,0,,0,,1,BS3_M,0,,VUS,1,0.1,VUS
TP53,p.R175C,VUS,Functionally normal,0.999999821,0.000000179,0.544256,Class C65,path_m,8,0.1,1,PM5_P,1,PP3_M,0,,0,,0,,1,BS3_M,0,,VUS,2.079737,0.1877,VUS
TP53,p.T118I,VUS,Functionally normal,0.999896525,0.000103475,0.34663,Class C65,path_m,0,0.1,1,PM2_P,1,PP3_M,0,,0,,0,,1,BS3_M,0,,VUS,2.079737,0.1877,VUS
TP53,p.Q52R,VUS,Functionally abnormal,0.052957742,0.947042258,-0.191563,Class C0,benign,0,0.1,0,,0,,1,PS3,0,,1,BP4,0,,0,,VUS,8.995504,0.4999,VUS
TP53,p.P295L,VUS,Functionally abnormal,0.01617919,0.98382081,-0.0974199,Class C0,benign,0,0.1,0,,0,,1,PS3,0,,1,BP4,0,,0,,VUS,8.995504,0.4999,VUS
TP53,p.D148A,VUS,Functionally abnormal,0.288823686,0.711176314,-0.125858,Class C0,benign,0,0.1,1,PM2_P,0,,1,PS3,0,,1,BP4,0,,0,,VUS,18.70829,0.6752,VUS
TP53,p.S183L,VUS,Functionally abnormal,0.183580789,0.816419211,0.0314481,Class C0,benign,0,0.1,1,PM2_P,0,,1,PS3,0,,1,BP4,0,,0,,VUS,18.70829,0.6752,VUS
TP53,p.P301L,VUS,Functionally abnormal,0.11572849,0.88427151,-0.0421434,Class C0,benign,0,0.1,1,PM2_P,0,,1,PS3,0,,1,BP4,0,,0,,VUS,18.70829,0.6752,VUS
TP53,p.V203L,VUS,Functionally abnormal,0.00000558,0.999994415,0.0165127,Class C0,benign,0,0.1,1,PM2_P,0,,1,PS3,0,,1,BP4,0,,0,,VUS,18.70829,0.6752,VUS
TP53,p.R156G,VUS,Functionally abnormal,0.000552136,0.999447864,0.106803,Class C15,benign,0,0.1,1,PM2_P,0,,1,PS3,0,,1,BP4,0,,0,,VUS,18.70829,0.6752,VUS
TP53,p.E3G,VUS,Functionally abnormal,0.000207991,0.999792009,0.0851786,Class C0,benign,0,0.1,1,PM2_P,0,,1,PS3,0,,1,BP4,0,,0,,VUS,18.70829,0.6752,VUS
TP53,p.G154S,VUS,Functionally abnormal,0.040926977,0.959073023,0.0512114,Class C55,none,0,0.1,0,,0,,1,PS3,0,,0,,0,,0,,VUS,18.70829,0.6752,VUS
TP53,p.H214N,VUS,Functionally abnormal,0.233905833,0.766094167,0.149702,Class C15,benign,0,0.1,1,PM2_P,0,,1,PS3,0,,1,BP4,0,,0,,VUS,18.70829,0.6752,VUS
TP53,p.Q144P,VUS,Functionally abnormal,1.14E-23,1,0.387066,Class C0,none,3,0.1,1,PM2_P,0,,1,PS3,0,,0,,0,,0,,VUS,38.90832,0.8121,VUS
TP53,p.D259V,VUS,Functionally abnormal,1.94E-21,1,0.334158,Class C15,none,7,0.1,1,PM2_P,0,,1,PS3,0,,0,,0,,0,,VUS,38.90832,0.8121,VUS
TP53,p.F134I,VUS,Functionally abnormal,1.63E-19,1,0.370445,Class C15,none,2,0.1,1,PM2_P,0,,1,PS3,0,,0,,0,,0,,VUS,38.90832,0.8121,VUS
TP53,p.T211P,VUS,Functionally abnormal,9.60E-16,1,0.589508,Class C0,none,0,0.1,1,PM2_P,0,,1,PS3,0,,0,,0,,0,,VUS,38.90832,0.8121,VUS
TP53,p.T253A,VUS,Functionally abnormal,0.00000376,0.999996237,0.212023,Class C0,none,0,0.1,1,PM2_P,0,,1,PS3,0,,0,,0,,0,,VUS,38.90832,0.8121,VUS
TP53,p.S215T,VUS,Functionally abnormal,4.24E-10,1,0.330704,Class C0,none,1,0.1,1,PM2_P,0,,1,PS3,0,,0,,0,,0,,VUS,38.90832,0.8121,VUS
TP53,p.L145P,VUS,Functionally abnormal,9.01E-19,1,0.546112,Class C25,path_p,0,0.1,2,"PP3, PM2_P",0,,1,PS3,0,,0,,0,,0,,LP,80.9191,0.8999,LP
TP53,p.V272M,VUS,Functionally abnormal,7.97E-20,1,0.500851,Class C15,none,34,0.1,0,,1,PM1,1,PS3,0,,0,,0,,0,,LP,80.9191,0.8999,LP
TP53,p.Y107C,VUS,Functionally abnormal,0.04027607,0.95972393,0.296192,Class C25,path_p,0,0.1,2,"PP3, PM2_P",0,,1,PS3,0,,0,,0,,0,,LP,80.9191,0.8999,LP
TP53,p.T125A,VUS,Functionally abnormal,0.434096553,0.565903447,0.47087,Class C55,path_p,2,0.1,2,"PP3, PM2_P",0,,1,PS3,0,,0,,0,,0,,LP,80.9191,0.8999,LP
TP53,p.P177T,VUS,Functionally abnormal,0.166241298,0.833758702,0.370495,Class C35,path_p,0,0.1,2,"PP3, PM2_P",0,,1,PS3,0,,0,,0,,0,,LP,80.9191,0.8999,LP
TP53,p.K120E,VUS,Functionally abnormal,0.000205405,0.999794595,0.383326,Class C55,path_p,5,0.1,2,"PP3, PM2_P",0,,1,PS3,0,,0,,0,,0,,LP,80.9191,0.8999,LP
TP53,p.V197L,VUS,Functionally abnormal,0.072631112,0.927368888,0.257943,Class C25,path_p,5,0.1,2,"PP3, PM2_P",0,,1,PS3,0,,0,,0,,0,,LP,80.9191,0.8999,LP
TP53,p.P190T,VUS,Functionally abnormal,0.000000151,0.999999849,0.267571,Class C35,path_p,3,0.1,2,"PP3, PM2_P",0,,1,PS3,0,,0,,0,,0,,LP,80.9191,0.8999,LP
TP53,p.P152S,VUS,Functionally abnormal,3.89E-10,1,0.372032,Class C65,path_m,2,0.1,0,,1,PP3_M,1,PS3,0,,0,,0,,0,,LP,80.9191,0.8999,LP
TP53,p.L145Q,VUS,Functionally abnormal,7.91E-14,1,0.479487,Class C35,path_p,0,0.1,2,"PP3, PM2_P",0,,1,PS3,0,,0,,0,,0,,LP,80.9191,0.8999,LP
TP53,p.A138V,VUS,Functionally abnormal,2.33E-10,1,0.517361,Class C55,path_p,0,0.1,2,"PP3, PM2_P",0,,1,PS3,0,,0,,0,,0,,LP,80.9191,0.8999,LP
TP53,p.R249K,VUS,Functionally abnormal,0.075072457,0.924927543,0.460845,Class C25,path_p,2,0.1,2,"PP3, PM2_P",0,,1,PS3,0,,0,,0,,0,,LP,80.9191,0.8999,LP
TP53,p.I332N,VUS,Functionally abnormal,2.42E-16,1,0.339801,Class C45,path_p,0,0.1,2,"PP3, PM2_P",0,,1,PS3,0,,0,,0,,0,,LP,80.9191,0.8999,LP
TP53,p.F113V,VUS,Functionally abnormal,3.15E-14,1,0.313796,Class C45,path_p,6,0.1,2,"PP3, PM2_P",0,,1,PS3,0,,0,,0,,0,,LP,80.9191,0.8999,LP
TP53,p.L264P,VUS,Functionally abnormal,0.100957176,0.899042824,0.311865,Class C65,path_m,0,0.1,1,PM2_P,1,PP3_M,1,PS3,0,,0,,0,,0,,LP,168.2905,0.9492,LP
TP53,p.I255N,VUS,Functionally abnormal,9.30E-16,1,0.347565,Class C65,path_m,7,0.1,1,PM2_P,1,PP3_M,1,PS3,0,,0,,0,,0,,LP,168.2905,0.9492,LP
TP53,p.V272G,VUS,Functionally abnormal,3.63E-19,1,0.261795,Class C65,path_m,5,0.1,1,PM2_P,1,PP3_M,1,PS3,0,,0,,0,,0,,LP,168.2905,0.9492,LP
TP53,p.V143M,VUS,Functionally abnormal,4.24E-13,1,0.233371,Class C0,none,12,0.1,1,PM2_P,1,PM1,1,PS3,0,,0,,0,,0,,LP,168.2905,0.9492,LP
TP53,p.C135G,VUS,Functionally abnormal,1.81E-20,1,0.599141,Class C65,path_m,2,0.1,1,PM2_P,1,PP3_M,1,PS3,0,,0,,0,,0,,LP,168.2905,0.9492,LP
TP53,p.P190R,VUS,Functionally abnormal,2.24E-12,1,0.321624,Class C65,path_m,1,0.1,1,PM2_P,1,PP3_M,1,PS3,0,,0,,0,,0,,LP,168.2905,0.9492,LP
TP53,p.P278R,VUS,Functionally abnormal,1.02E-27,1,0.607821,Class C65,path_p,12,0.1,2,"PP3, PM2_P, PM5_P",1,PM1,1,PS3,0,,0,,0,,0,,LP,350,0.9749,LP
TP53,p.M237T,VUS,Functionally abnormal,0.002695976,0.997304024,0.516761,Class C65,path_m,0,0.1,2,"PM2_P, PM5_P",1,PP3_M,1,PS3,0,,0,,0,,0,,LP,350,0.9749,LP
TP53,p.R181S,VUS,Functionally abnormal,0.507807447,0.492192553,0.204004,Class C65,path_m,0,0.1,2,"PM2_P, PM5_P",1,PP3_M,1,PS3,0,,0,,0,,0,,LP,350,0.9749,LP
TP53,p.A161T,VUS,Functionally abnormal,1.91E-09,0.999999998,0.276582,Class C55,path_p,12,0.1,2,"PP3, PM2_P",1,PM1,1,PS3,0,,0,,0,,0,,LP,350,0.9749,LP
TP53,p.Q136E,VUS,Functionally abnormal,4.23E-17,1,0.389688,Class C25,path_p,10,0.1,2,"PP3, PM2_P",1,PM1,1,PS3,0,,0,,0,,0,,LP,350,0.9749,LP
TP53,p.R267G,VUS,Functionally abnormal,2.81E-18,1,0.533473,Class C65,path_m,3,0.1,2,"PM2_P, PM5_P",1,PP3_M,1,PS3,0,,0,,0,,0,,LP,350,0.9749,LP
TP53,p.P278A,VUS,Functionally abnormal,7.67E-30,1,0.567451,Class C25,path_p,13,0.1,2,"PP3, PM2_P",1,PM1,1,PS3,0,,0,,0,,0,,LP,350,0.9749,LP
TP53,p.R249T,VUS,Functionally abnormal,3.28E-23,1,0.567141,Class C65,path_m,11,0.1,1,PM2_P,2,"PP3_M, PM1",1,PS3,0,,0,,0,,0,,LP,727.9081,0.9878,LP
TP53,p.P190L,VUS,Functionally abnormal,7.54E-18,1,0.295613,Class C65,path_m,12,0.1,1,PM2_P,2,"PP3_M, PM1",1,PS3,0,,0,,0,,0,,LP,727.9081,0.9878,LP
TP53,p.G266V,VUS,Functionally abnormal,5.14E-10,0.999999999,0.599005,Class C65,path_m,26,0.1,1,"PM2_P, PM5_P",2,"PP3_M, PM1",1,PS3,0,,0,,0,,0,,LP,727.9081,0.9878,LP