Supplementary Data 5. Functional classification by MANO-B methods with four drugs.,,,,,,,,,,,,,,,,,,,,,
Variant,"IARC
Classification",Olaparib,,,,,Niraparib,,,,,Rucaparib,,,,,CBDCA,,,,
,,η,,,BF,fClass,η,,,BF,fClass,η,,,BF,fClass,η,,,BF,fClass
,,Mean,95% CI,,,,Mean,95% CI,,,,Mean,95% CI,,,,Mean,95% CI,,,
,,,LL,UL,,,,LL,UL,,,,LL,UL,,,,LL,UL,,
R18H,Class 2,-1.39,-1.79,-1.03,2.26E-01,fClass 3,-1.38,-1.76,-1.03,1.76E-01,fClass 3,-1.28,-1.68,-0.91,3.11E-01,fClass 3,-1.56,-2.13,-1.06,4.22E-01,fClass 3
R18C,Class 2,-0.17,-0.57,0.23,1.84E-04,fClass 1,-0.23,-0.62,0.16,1.31E-04,fClass 1,-0.07,-0.48,0.36,1.21E-03,fClass 1,-0.39,-0.87,0.11,2.30E-04,fClass 1
K21R,Unclassified,0.16,-0.19,0.52,3.79E-05,fClass 1,0.23,-0.10,0.57,2.03E-05,fClass 1,0.29,-0.06,0.66,3.89E-04,fClass 1,0.33,-0.08,0.77,1.64E-06,fClass 1
D23Y,Unclassified,-0.44,-0.84,-0.02,6.56E-04,fClass 1,-0.80,-1.18,-0.41,4.47E-03,fClass 2,-0.34,-0.75,0.07,3.20E-03,fClass 2,-0.71,-1.20,-0.22,2.61E-03,fClass 1
D23V,Unclassified,0.11,-0.30,0.52,4.97E-05,fClass 1,-0.30,-0.67,0.09,1.83E-04,fClass 1,0.22,-0.21,0.66,4.74E-04,fClass 1,0.00,-0.49,0.50,2.01E-05,fClass 1
G25R,Unclassified,-1.74,-2.25,-1.23,1.35E+00,fClass 3,-1.54,-2.06,-1.07,5.01E-01,fClass 3,-1.68,-2.18,-1.18,1.89E+00,fClass 3,-1.65,-2.32,-1.01,6.83E-01,fClass 3
N30H,Unclassified,-0.64,-1.05,-0.23,2.34E-03,fClass 1,-0.95,-1.34,-0.57,1.20E-02,fClass 2,-0.56,-0.97,-0.14,9.64E-03,fClass 2,-2.26,-2.76,-1.75,1.84E+01,fClass 3
W31C,Unclassified,-2.39,-2.78,-2.04,1.32E+02,fClass 4,-2.43,-2.81,-2.08,2.39E+02,fClass 4,-2.48,-2.89,-2.09,2.65E+02,fClass 4,-2.46,-2.90,-2.05,9.97E+01,fClass 4
W31G,Unclassified,-2.43,-2.86,-2.02,1.24E+02,fClass 4,-2.66,-3.11,-2.25,1.06E+03,fClass 5,-2.41,-2.89,-1.98,1.36E+02,fClass 4,-2.77,-3.29,-2.31,3.33E+02,fClass 4
W31L,Unclassified,-2.65,-3.10,-2.24,6.04E+02,fClass 5,-2.78,-3.23,-2.37,2.38E+03,fClass 5,-2.67,-3.16,-2.23,7.30E+02,fClass 5,-2.72,-3.24,-2.27,2.96E+02,fClass 4
F32L,Unclassified,-1.07,-1.50,-0.67,3.83E-02,fClass 2,-0.75,-1.13,-0.36,2.71E-03,fClass 1,-1.02,-1.47,-0.59,1.03E-01,fClass 3,-1.31,-1.98,-0.78,1.53E-01,fClass 3
P41L,Unclassified,-0.75,-1.08,-0.42,3.77E-03,fClass 2,-0.97,-1.30,-0.65,9.82E-03,fClass 2,-0.82,-1.17,-0.47,3.01E-02,fClass 2,-0.79,-1.21,-0.37,3.05E-03,fClass 2
Y42C,Class 1,-0.81,-1.15,-0.48,5.97E-03,fClass 2,-0.64,-0.97,-0.31,1.17E-03,fClass 1,-0.68,-1.03,-0.34,1.68E-02,fClass 2,-1.04,-1.47,-0.62,1.81E-02,fClass 2
N55S,Unclassified,-0.16,-0.50,0.19,1.57E-04,fClass 1,0.04,-0.29,0.37,3.67E-05,fClass 1,-0.08,-0.43,0.29,1.03E-03,fClass 1,-0.38,-0.80,0.04,1.34E-04,fClass 1
P59A,Unclassified,-0.92,-1.25,-0.58,1.10E-02,fClass 2,-1.23,-1.59,-0.89,6.78E-02,fClass 3,-0.90,-1.26,-0.56,4.76E-02,fClass 2,-1.03,-1.47,-0.60,1.82E-02,fClass 2
T77I,Unclassified,0.03,-0.37,0.44,8.92E-05,fClass 1,-0.08,-0.47,0.31,4.77E-05,fClass 1,0.15,-0.27,0.58,5.35E-04,fClass 1,0.36,-0.13,0.89,1.52E-06,fClass 1
N108S,Unclassified,-0.01,-0.35,0.34,6.14E-05,fClass 1,-0.19,-0.51,0.14,1.14E-04,fClass 1,0.09,-0.26,0.47,6.97E-04,fClass 1,0.39,-0.04,0.83,1.10E-06,fClass 1
Q147R,Unclassified,-1.12,-1.48,-0.77,4.18E-02,fClass 2,-0.87,-1.19,-0.54,5.19E-03,fClass 2,-1.13,-1.51,-0.78,1.48E-01,fClass 3,-0.92,-1.34,-0.49,6.84E-03,fClass 2
D156G,Unclassified,-0.05,-0.39,0.30,8.39E-05,fClass 1,0.09,-0.24,0.43,3.64E-05,fClass 1,0.04,-0.31,0.41,8.12E-04,fClass 1,0.33,-0.10,0.78,2.56E-06,fClass 1
V159E,Unclassified,-0.56,-0.90,-0.23,1.30E-03,fClass 1,-0.37,-0.69,-0.05,1.95E-04,fClass 1,-0.40,-0.75,-0.05,3.94E-03,fClass 2,-0.20,-0.61,0.22,4.39E-05,fClass 1
V159M,Unclassified,-0.04,-0.44,0.38,1.09E-04,fClass 1,0.13,-0.26,0.52,2.78E-05,fClass 1,0.07,-0.35,0.50,7.42E-04,fClass 1,0.21,-0.28,0.71,4.42E-06,fClass 1
P168T,Class 1,-0.91,-1.25,-0.59,1.08E-02,fClass 2,-0.66,-0.99,-0.34,1.26E-03,fClass 1,-0.81,-1.17,-0.46,2.99E-02,fClass 2,-0.46,-0.87,-0.04,2.84E-04,fClass 1
G185V,Unclassified,0.18,-0.23,0.60,3.76E-05,fClass 1,-0.11,-0.49,0.29,7.20E-05,fClass 1,0.29,-0.12,0.73,4.03E-04,fClass 1,0.20,-0.31,0.71,4.78E-06,fClass 1
D191V,Unclassified,0.38,-0.03,0.81,1.78E-05,fClass 1,0.05,-0.33,0.45,3.70E-05,fClass 1,0.51,0.08,0.96,2.69E-04,fClass 1,0.36,-0.14,0.89,1.77E-06,fClass 1
T200I,Unclassified,0.54,0.12,0.98,1.36E-05,fClass 1,0.27,-0.12,0.68,1.51E-05,fClass 1,0.67,0.23,1.13,1.76E-04,fClass 1,0.52,0.01,1.05,6.12E-07,fClass 1
T207I,Unclassified,-0.12,-0.52,0.28,1.45E-04,fClass 1,-0.15,-0.53,0.23,7.48E-05,fClass 1,-0.01,-0.43,0.42,9.36E-04,fClass 1,0.04,-0.45,0.54,1.50E-05,fClass 1
V208G,Unclassified,-0.33,-0.67,0.02,4.21E-04,fClass 1,-0.40,-0.72,-0.07,2.79E-04,fClass 1,-0.20,-0.55,0.17,1.84E-03,fClass 1,-0.40,-0.81,0.02,1.34E-04,fClass 1
V211I,Unclassified,-0.03,-0.43,0.39,9.57E-05,fClass 1,-0.54,-0.91,-0.16,6.67E-04,fClass 1,0.09,-0.32,0.52,6.71E-04,fClass 1,-0.26,-0.75,0.24,8.86E-05,fClass 1
Y232C,Unclassified,-0.14,-0.53,0.28,1.65E-04,fClass 1,-0.07,-0.45,0.31,7.09E-05,fClass 1,-0.03,-0.44,0.40,1.01E-03,fClass 1,0.14,-0.35,0.65,6.58E-06,fClass 1
F266L,Unclassified,-0.22,-0.56,0.13,1.80E-04,fClass 1,-0.09,-0.41,0.24,7.60E-05,fClass 1,-0.10,-0.45,0.26,1.55E-03,fClass 1,0.02,-0.40,0.46,8.41E-06,fClass 1
R324T,Unclassified,-0.47,-0.80,-0.13,7.67E-04,fClass 1,-0.55,-0.88,-0.23,5.80E-04,fClass 1,-0.54,-0.88,-0.20,7.53E-03,fClass 2,-0.38,-0.79,0.02,1.64E-04,fClass 1
S326R,Class 1,-0.19,-0.52,0.15,1.48E-04,fClass 1,-0.44,-0.75,-0.11,3.54E-04,fClass 1,-0.15,-0.50,0.21,1.45E-03,fClass 1,-0.52,-0.94,-0.10,6.12E-04,fClass 1
S445Y,Unclassified,-0.34,-0.61,-0.06,3.65E-04,fClass 1,-0.47,-0.73,-0.20,3.18E-04,fClass 1,-0.25,-0.54,0.04,2.10E-03,fClass 1,-0.44,-0.78,-0.10,1.79E-04,fClass 1
E462G,Class 1,-0.34,-0.68,0.00,3.88E-04,fClass 1,-0.28,-0.60,0.05,1.41E-04,fClass 1,-0.17,-0.51,0.21,1.58E-03,fClass 1,-0.33,-0.74,0.09,1.09E-04,fClass 1
N588D,Class 2,-0.58,-0.92,-0.25,1.18E-03,fClass 1,-0.62,-0.94,-0.30,8.92E-04,fClass 1,-0.51,-0.86,-0.15,6.21E-03,fClass 2,-0.55,-0.97,-0.13,5.01E-04,fClass 1
F590C,Unclassified,-0.15,-0.55,0.27,1.70E-04,fClass 1,-0.26,-0.64,0.12,1.50E-04,fClass 1,-0.04,-0.46,0.38,1.21E-03,fClass 1,0.10,-0.39,0.60,6.13E-06,fClass 1
Y592C,Unclassified,-0.27,-0.67,0.14,2.59E-04,fClass 1,-0.30,-0.68,0.10,2.36E-04,fClass 1,-0.17,-0.58,0.27,1.69E-03,fClass 1,-0.67,-1.17,-0.19,2.11E-03,fClass 1
H595Y,Unclassified,-0.82,-1.16,-0.48,5.63E-03,fClass 2,-0.91,-1.23,-0.59,6.84E-03,fClass 2,-0.74,-1.10,-0.39,2.11E-02,fClass 2,-1.12,-1.58,-0.70,3.40E-02,fClass 2
T598A,Class 1,-0.45,-0.78,-0.11,6.99E-04,fClass 1,-0.38,-0.71,-0.05,2.79E-04,fClass 1,-0.31,-0.65,0.04,3.00E-03,fClass 2,-0.46,-0.88,-0.03,2.85E-04,fClass 1
Y600C,Unclassified,-1.01,-1.35,-0.66,1.92E-02,fClass 2,-0.97,-1.30,-0.64,1.08E-02,fClass 2,-0.94,-1.30,-0.58,5.69E-02,fClass 3,-1.41,-1.94,-0.95,2.04E-01,fClass 3
G602R,Class 1,0.10,-0.25,0.46,4.93E-05,fClass 1,-0.19,-0.52,0.14,7.87E-05,fClass 1,0.20,-0.15,0.56,4.34E-04,fClass 1,-0.03,-0.44,0.40,1.24E-05,fClass 1
G602V,Unclassified,-0.89,-1.24,-0.56,9.32E-03,fClass 2,-0.74,-1.06,-0.43,1.93E-03,fClass 1,-0.89,-1.25,-0.54,4.56E-02,fClass 2,-0.87,-1.30,-0.47,5.24E-03,fClass 2
E747G,Unclassified,-0.40,-0.74,-0.06,4.52E-04,fClass 1,-0.67,-1.00,-0.34,1.33E-03,fClass 1,-0.31,-0.66,0.04,2.88E-03,fClass 1,-0.51,-0.92,-0.08,3.91E-04,fClass 1
S755C,Unclassified,-1.42,-1.82,-1.04,2.60E-01,fClass 3,-0.88,-1.20,-0.55,5.03E-03,fClass 2,-1.37,-1.78,-0.99,4.79E-01,fClass 3,-1.62,-2.17,-1.12,5.48E-01,fClass 3
N854S,Unclassified,-0.17,-0.51,0.18,1.32E-04,fClass 1,-0.20,-0.52,0.13,8.77E-05,fClass 1,0.00,-0.34,0.37,9.28E-04,fClass 1,0.15,-0.27,0.59,2.98E-06,fClass 1
V917A,Unclassified,0.52,0.12,0.96,1.18E-05,fClass 1,0.61,0.21,1.02,1.08E-05,fClass 1,0.66,0.23,1.12,1.85E-04,fClass 1,0.85,0.33,1.40,1.95E-07,fClass 1
L1019V,Class 1,-0.96,-1.30,-0.62,1.48E-02,fClass 2,-0.81,-1.14,-0.50,3.30E-03,fClass 2,-0.72,-1.08,-0.38,1.93E-02,fClass 2,-0.41,-0.83,0.01,1.90E-04,fClass 1
S1074C,Unclassified,-0.64,-0.98,-0.30,1.89E-03,fClass 1,-1.02,-1.35,-0.69,1.39E-02,fClass 2,-0.55,-0.91,-0.20,8.39E-03,fClass 2,-0.79,-1.20,-0.38,3.04E-03,fClass 2
T1128I,Unclassified,-0.20,-0.59,0.21,1.73E-04,fClass 1,-0.31,-0.69,0.09,1.87E-04,fClass 1,-0.09,-0.51,0.34,1.51E-03,fClass 1,-0.14,-0.63,0.35,3.93E-05,fClass 1
I1167V,Unclassified,-0.73,-1.07,-0.39,3.27E-03,fClass 2,-0.55,-0.87,-0.22,6.83E-04,fClass 1,-0.66,-1.01,-0.31,1.45E-02,fClass 2,-0.72,-1.13,-0.31,1.85E-03,fClass 1
M1168I,Unclassified,-0.85,-1.19,-0.52,6.63E-03,fClass 2,-1.03,-1.37,-0.71,1.58E-02,fClass 2,-0.77,-1.13,-0.41,2.49E-02,fClass 2,-1.31,-1.81,-0.87,1.11E-01,fClass 3
A1170V,Unclassified,-0.55,-0.89,-0.21,1.01E-03,fClass 1,-0.54,-0.86,-0.22,5.47E-04,fClass 1,-0.41,-0.76,-0.05,4.46E-03,fClass 2,-1.15,-1.61,-0.72,4.10E-02,fClass 2
S1172L,Class 1,-1.36,-1.75,-1.00,1.87E-01,fClass 3,-1.04,-1.38,-0.71,1.83E-02,fClass 2,-1.39,-1.80,-1.00,5.38E-01,fClass 3,-1.41,-1.95,-0.95,1.99E-01,fClass 3
G1224V,Unclassified,-0.22,-0.61,0.19,2.11E-04,fClass 1,-0.24,-0.62,0.15,1.50E-04,fClass 1,-0.11,-0.52,0.31,1.58E-03,fClass 1,0.18,-0.32,0.71,4.17E-06,fClass 1
N1228D,Class 1,-1.27,-1.65,-0.92,1.08E-01,fClass 3,-1.14,-1.48,-0.81,3.36E-02,fClass 2,-1.22,-1.62,-0.86,2.37E-01,fClass 3,-1.10,-1.55,-0.68,2.79E-02,fClass 2
R1329S,Unclassified,-0.56,-0.89,-0.21,1.02E-03,fClass 1,-0.22,-0.54,0.11,9.38E-05,fClass 1,-0.42,-0.76,-0.07,4.34E-03,fClass 2,-0.39,-0.80,0.03,1.22E-04,fClass 1
D1420Y,Class 1,-0.52,-0.85,-0.19,9.31E-04,fClass 1,-0.74,-1.07,-0.42,2.06E-03,fClass 1,-0.42,-0.77,-0.07,4.51E-03,fClass 2,-0.77,-1.19,-0.36,2.48E-03,fClass 1
F1524V,Class 1,-1.04,-1.39,-0.71,2.41E-02,fClass 2,-0.77,-1.09,-0.45,2.54E-03,fClass 1,-0.99,-1.36,-0.63,7.22E-02,fClass 3,-1.95,-2.44,-1.41,2.69E+00,fClass 3
K1530N,Unclassified,-0.55,-0.88,-0.21,1.13E-03,fClass 1,-0.19,-0.51,0.15,8.18E-05,fClass 1,-0.41,-0.76,-0.06,4.44E-03,fClass 2,-0.77,-1.18,-0.36,2.87E-03,fClass 1
V1532F,Unclassified,-0.70,-1.04,-0.37,2.58E-03,fClass 1,-0.92,-1.24,-0.60,6.41E-03,fClass 2,-0.74,-1.10,-0.39,2.09E-02,fClass 2,0.00,-0.42,0.44,1.31E-05,fClass 1
K1690N,Class 1,0.43,0.08,0.81,2.44E-05,fClass 1,0.42,0.09,0.78,9.31E-06,fClass 1,0.66,0.30,1.05,1.81E-04,fClass 1,0.73,0.29,1.20,3.62E-07,fClass 1
E1695V,Unclassified,-0.76,-1.10,-0.42,4.18E-03,fClass 2,-0.84,-1.16,-0.51,4.01E-03,fClass 2,-0.73,-1.09,-0.38,1.96E-02,fClass 2,-1.43,-1.98,-0.96,2.19E-01,fClass 3
G1696V,Unclassified,-1.27,-1.65,-0.92,1.07E-01,fClass 3,-1.20,-1.56,-0.86,5.40E-02,fClass 3,-1.31,-1.72,-0.93,3.75E-01,fClass 3,-1.58,-2.14,-1.08,4.58E-01,fClass 3
D1699N,Unclassified,-0.79,-1.13,-0.45,4.98E-03,fClass 2,-1.03,-1.36,-0.71,1.52E-02,fClass 2,-0.62,-0.96,-0.27,1.15E-02,fClass 2,-1.07,-1.51,-0.64,2.28E-02,fClass 2
D1728N,Unclassified,-0.19,-0.53,0.16,1.85E-04,fClass 1,-0.44,-0.76,-0.12,3.11E-04,fClass 1,-0.07,-0.42,0.29,1.12E-03,fClass 1,-0.59,-1.00,-0.16,5.93E-04,fClass 1
D1737V,Unclassified,-0.49,-0.83,-0.15,7.17E-04,fClass 1,-0.47,-0.79,-0.14,4.21E-04,fClass 1,-0.53,-0.88,-0.18,7.54E-03,fClass 2,-0.37,-0.78,0.05,1.43E-04,fClass 1
N1878K,Class 1,-0.16,-0.49,0.20,1.61E-04,fClass 1,-0.11,-0.43,0.23,6.45E-05,fClass 1,-0.04,-0.39,0.32,9.59E-04,fClass 1,-0.01,-0.43,0.42,9.67E-06,fClass 1
H1918R,Class 1,-1.62,-2.03,-1.23,7.38E-01,fClass 3,-1.48,-1.89,-1.12,3.40E-01,fClass 3,-1.67,-2.08,-1.26,1.93E+00,fClass 3,-1.50,-2.03,-1.03,3.03E-01,fClass 3
I1929V,Class 1,0.46,0.05,0.88,1.25E-05,fClass 1,0.37,-0.02,0.79,1.05E-05,fClass 1,0.59,0.16,1.05,3.59E-04,fClass 1,0.55,0.05,1.08,6.76E-07,fClass 1
S1970L,Unclassified,0.09,-0.19,0.38,5.03E-05,fClass 1,0.12,-0.15,0.40,1.75E-05,fClass 1,0.21,-0.08,0.52,4.13E-04,fClass 1,0.23,-0.11,0.60,2.40E-06,fClass 1
T1980I,Unclassified,-0.32,-0.71,0.10,3.05E-04,fClass 1,-0.65,-1.04,-0.25,1.47E-03,fClass 1,-0.21,-0.62,0.20,2.09E-03,fClass 1,-0.64,-1.13,-0.15,1.46E-03,fClass 1
S2006R,Unclassified,0.33,-0.08,0.76,2.54E-05,fClass 1,0.20,-0.19,0.61,2.47E-05,fClass 1,0.46,0.03,0.91,2.77E-04,fClass 1,0.53,0.04,1.06,5.42E-07,fClass 1
E2020K,Class 2,-0.96,-1.30,-0.63,1.35E-02,fClass 2,-0.82,-1.15,-0.50,3.23E-03,fClass 2,-0.99,-1.36,-0.65,7.50E-02,fClass 3,-0.01,-0.43,0.42,1.22E-05,fClass 1
S2041P,Unclassified,-0.05,-0.45,0.36,1.20E-04,fClass 1,0.00,-0.39,0.39,4.69E-05,fClass 1,0.06,-0.36,0.48,7.33E-04,fClass 1,0.04,-0.44,0.53,1.08E-05,fClass 1
G2057E,Unclassified,0.13,-0.28,0.55,4.32E-05,fClass 1,0.07,-0.32,0.46,3.45E-05,fClass 1,0.25,-0.17,0.67,4.15E-04,fClass 1,0.29,-0.21,0.80,4.65E-06,fClass 1
F2058L,Unclassified,0.50,0.09,0.94,1.20E-05,fClass 1,0.34,-0.05,0.75,1.27E-05,fClass 1,0.63,0.21,1.09,2.16E-04,fClass 1,0.41,-0.08,0.94,9.99E-07,fClass 1
H2074N,Class 1,-0.51,-0.84,-0.16,7.99E-04,fClass 1,-0.31,-0.62,0.02,1.45E-04,fClass 1,-0.40,-0.74,-0.04,3.70E-03,fClass 2,-0.08,-0.49,0.36,1.90E-05,fClass 1
K2075N,Unclassified,-0.66,-1.00,-0.33,2.01E-03,fClass 1,-0.35,-0.67,-0.03,1.85E-04,fClass 1,-0.53,-0.88,-0.18,7.65E-03,fClass 2,-0.75,-1.17,-0.34,2.09E-03,fClass 1
V2109I,Unclassified,0.41,0.00,0.84,1.52E-05,fClass 1,0.30,-0.09,0.71,2.14E-05,fClass 1,0.54,0.12,0.99,2.44E-04,fClass 1,0.42,-0.09,0.94,8.05E-07,fClass 1
V2138D,Unclassified,-0.51,-0.85,-0.17,8.67E-04,fClass 1,-0.50,-0.81,-0.18,4.12E-04,fClass 1,-0.42,-0.77,-0.07,4.79E-03,fClass 2,-0.21,-0.62,0.20,3.18E-05,fClass 1
H2178R,Unclassified,0.17,-0.23,0.60,3.81E-05,fClass 1,-0.13,-0.51,0.27,7.41E-05,fClass 1,0.29,-0.12,0.73,3.76E-04,fClass 1,0.83,0.31,1.36,4.12E-07,fClass 1
H2324R,Unclassified,-0.84,-1.17,-0.50,6.45E-03,fClass 2,-1.05,-1.38,-0.72,1.71E-02,fClass 2,-0.75,-1.10,-0.40,2.11E-02,fClass 2,-0.90,-1.32,-0.49,7.02E-03,fClass 2
P2329L,Unclassified,-2.31,-2.69,-1.95,6.33E+01,fClass 4,-1.77,-2.17,-1.38,1.64E+00,fClass 3,-2.24,-2.64,-1.85,5.37E+01,fClass 4,-2.65,-3.11,-2.25,2.81E+02,fClass 4
R2336G,Unclassified,-0.54,-0.87,-0.20,1.09E-03,fClass 1,-0.55,-0.88,-0.22,6.51E-04,fClass 1,-0.46,-0.80,-0.11,5.41E-03,fClass 2,-0.34,-0.75,0.09,9.59E-05,fClass 1
R2336P,Unclassified,-0.17,-0.57,0.24,1.88E-04,fClass 1,-0.27,-0.65,0.12,1.66E-04,fClass 1,-0.07,-0.48,0.36,1.29E-03,fClass 1,0.29,-0.20,0.82,2.79E-06,fClass 1
T2337A,Unclassified,-1.25,-1.63,-0.89,9.66E-02,fClass 3,-1.12,-1.46,-0.79,2.91E-02,fClass 2,-1.27,-1.68,-0.90,3.09E-01,fClass 3,-1.36,-1.89,-0.92,1.45E-01,fClass 3
K2411T,Class 1,-0.70,-1.03,-0.36,2.28E-03,fClass 1,-0.46,-0.78,-0.13,3.38E-04,fClass 1,-0.61,-0.96,-0.26,1.06E-02,fClass 2,-0.92,-1.33,-0.51,6.68E-03,fClass 2
T2412A,Unclassified,-0.20,-0.54,0.15,1.47E-04,fClass 1,-0.39,-0.72,-0.07,2.67E-04,fClass 1,-0.05,-0.40,0.32,9.96E-04,fClass 1,-0.32,-0.73,0.10,1.25E-04,fClass 1
T2412I,Unclassified,-0.58,-0.92,-0.24,1.44E-03,fClass 1,-0.40,-0.72,-0.08,2.19E-04,fClass 1,-0.39,-0.73,-0.03,3.68E-03,fClass 2,0.12,-0.29,0.55,6.28E-06,fClass 1
R2418G,Class 2,-1.34,-1.73,-0.98,1.68E-01,fClass 3,-1.64,-2.05,-1.25,8.00E-01,fClass 3,-1.30,-1.71,-0.93,3.58E-01,fClass 3,-1.85,-2.38,-1.30,1.59E+00,fClass 3
N2436I,Class 1,-1.37,-1.76,-1.02,1.97E-01,fClass 3,-1.34,-1.72,-1.00,1.37E-01,fClass 3,-1.36,-1.78,-0.99,4.75E-01,fClass 3,-1.78,-2.32,-1.26,1.17E+00,fClass 3
R2488G,Unclassified,-0.15,-0.55,0.26,1.55E-04,fClass 1,-0.36,-0.74,0.03,2.24E-04,fClass 1,-0.04,-0.46,0.38,1.01E-03,fClass 1,-0.13,-0.63,0.38,6.20E-05,fClass 1
Q2491R,Unclassified,-0.44,-0.84,-0.03,8.07E-04,fClass 1,-0.21,-0.59,0.18,1.14E-04,fClass 1,-0.34,-0.75,0.07,3.46E-03,fClass 2,-0.62,-1.10,-0.13,1.18E-03,fClass 1
V2503D,Unclassified,0.46,0.04,0.88,1.45E-05,fClass 1,-0.20,-0.59,0.19,1.30E-04,fClass 1,0.58,0.15,1.04,2.15E-04,fClass 1,0.26,-0.23,0.77,3.37E-06,fClass 1
G2508S,Class 4,-1.89,-2.36,-1.37,3.00E+00,fClass 3,-2.42,-2.85,-2.01,1.54E+02,fClass 4,-1.83,-2.31,-1.31,3.77E+00,fClass 3,-2.34,-2.82,-1.86,3.16E+01,fClass 4
S2509R,Unclassified,-0.25,-0.65,0.16,2.44E-04,fClass 1,-0.39,-0.77,-0.01,2.55E-04,fClass 1,-0.14,-0.56,0.28,1.68E-03,fClass 1,-0.30,-0.78,0.20,1.06E-04,fClass 1
S2509N,Unclassified,-0.27,-0.68,0.14,2.52E-04,fClass 1,-0.39,-0.78,0.00,2.80E-04,fClass 1,-0.17,-0.58,0.25,1.72E-03,fClass 1,-0.44,-0.94,0.05,4.10E-04,fClass 1
L2510P,Unclassified,-2.77,-3.22,-2.36,1.25E+03,fClass 5,-2.65,-3.10,-2.24,9.36E+02,fClass 5,-2.81,-3.30,-2.35,1.60E+03,fClass 5,-2.71,-3.24,-2.26,2.97E+02,fClass 4
K2514T,Unclassified,-0.60,-1.00,-0.20,1.80E-03,fClass 1,-0.72,-1.11,-0.34,2.29E-03,fClass 1,-0.51,-0.93,-0.10,8.16E-03,fClass 2,-0.71,-1.20,-0.22,2.20E-03,fClass 1
T2515I,Class 1,-0.43,-0.83,-0.03,6.46E-04,fClass 1,-0.87,-1.26,-0.48,6.45E-03,fClass 2,-0.33,-0.74,0.08,3.23E-03,fClass 2,-0.64,-1.13,-0.15,1.31E-03,fClass 1
S2516C,Unclassified,-0.17,-0.57,0.24,1.49E-04,fClass 1,-0.37,-0.74,0.02,2.00E-04,fClass 1,-0.06,-0.48,0.37,1.14E-03,fClass 1,0.16,-0.33,0.68,4.71E-06,fClass 1
R2520Q,Unclassified,0.53,0.12,0.97,1.92E-05,fClass 1,0.72,0.32,1.15,6.64E-06,fClass 1,0.66,0.24,1.12,2.00E-04,fClass 1,0.50,-0.01,1.03,6.22E-07,fClass 1
R2520P,Unclassified,-0.99,-1.41,-0.58,2.37E-02,fClass 2,-1.10,-1.51,-0.71,3.43E-02,fClass 2,-0.92,-1.36,-0.51,6.30E-02,fClass 3,-1.24,-1.88,-0.72,1.08E-01,fClass 3
V2527I,Unclassified,-0.34,-0.74,0.06,4.20E-04,fClass 1,-0.45,-0.83,-0.07,3.61E-04,fClass 1,-0.25,-0.65,0.18,2.18E-03,fClass 1,-0.74,-1.24,-0.23,3.76E-03,fClass 2
P2532H,Unclassified,-0.99,-1.42,-0.59,2.30E-02,fClass 2,-0.74,-1.12,-0.35,2.64E-03,fClass 1,-0.92,-1.36,-0.49,6.17E-02,fClass 3,-0.89,-1.40,-0.39,1.03E-02,fClass 2
G2544D,Unclassified,0.57,0.16,1.03,1.09E-05,fClass 1,0.32,-0.07,0.74,1.44E-05,fClass 1,0.71,0.28,1.17,2.15E-04,fClass 1,1.05,0.52,1.62,4.59E-08,fClass 1
F2562V,Unclassified,-2.54,-3.00,-2.14,3.09E+02,fClass 4,-2.66,-3.10,-2.25,1.11E+03,fClass 5,-2.55,-3.03,-2.10,3.12E+02,fClass 4,-2.63,-3.13,-2.19,2.32E+02,fClass 4
L2581W,Unclassified,-1.55,-2.07,-1.06,5.57E-01,fClass 3,-1.70,-2.20,-1.20,1.12E+00,fClass 3,-1.50,-2.01,-1.02,9.10E-01,fClass 3,-2.23,-2.71,-1.70,1.38E+01,fClass 3
G2584C,Unclassified,-2.11,-2.54,-1.65,1.14E+01,fClass 3,-1.35,-1.84,-0.94,1.80E-01,fClass 3,-2.05,-2.52,-1.58,1.25E+01,fClass 3,-2.32,-2.80,-1.85,2.98E+01,fClass 4
K2597N,Unclassified,-0.11,-0.51,0.29,1.22E-04,fClass 1,0.03,-0.37,0.43,3.42E-05,fClass 1,0.00,-0.42,0.43,8.55E-04,fClass 1,-0.20,-0.69,0.30,7.25E-05,fClass 1
Y2601C,Unclassified,-1.30,-1.68,-0.95,1.34E-01,fClass 3,-1.36,-1.74,-1.02,1.56E-01,fClass 3,-1.37,-1.78,-0.99,4.88E-01,fClass 3,-2.15,-2.60,-1.68,9.70E+00,fClass 3
R2602T,Unclassified,-0.94,-1.36,-0.54,1.69E-02,fClass 2,-0.70,-1.08,-0.32,1.87E-03,fClass 1,-0.87,-1.30,-0.46,4.54E-02,fClass 2,-0.60,-1.10,-0.11,8.80E-04,fClass 1
A2603T,Unclassified,-0.17,-0.56,0.24,2.09E-04,fClass 1,0.01,-0.38,0.41,5.20E-05,fClass 1,-0.06,-0.47,0.36,1.26E-03,fClass 1,-0.19,-0.68,0.31,4.42E-05,fClass 1
L2604P,Unclassified,-2.43,-2.81,-2.07,1.96E+02,fClass 4,-2.77,-3.16,-2.40,3.21E+03,fClass 5,-2.60,-3.02,-2.21,5.24E+02,fClass 5,-2.64,-3.10,-2.23,2.67E+02,fClass 4
T2607P,Class 4,-2.12,-2.56,-1.65,1.22E+01,fClass 3,-2.70,-3.14,-2.30,1.54E+03,fClass 5,-2.05,-2.52,-1.59,1.27E+01,fClass 3,-2.59,-3.08,-2.13,1.52E+02,fClass 4
G2609D,Class 4,-2.40,-2.79,-2.03,1.48E+02,fClass 4,-2.80,-3.20,-2.43,4.22E+03,fClass 5,-2.57,-3.00,-2.17,4.46E+02,fClass 5,-2.49,-2.94,-2.08,1.22E+02,fClass 4
D2611G,Unclassified,-2.56,-3.01,-2.15,3.58E+02,fClass 5,-2.54,-2.97,-2.14,4.29E+02,fClass 5,-2.57,-3.05,-2.12,3.67E+02,fClass 5,-2.55,-3.04,-2.10,1.44E+02,fClass 4
S2616F,Unclassified,-2.67,-3.13,-2.25,7.59E+02,fClass 5,-2.53,-2.96,-2.13,4.13E+02,fClass 5,-2.70,-3.18,-2.25,7.60E+02,fClass 5,-2.69,-3.21,-2.23,2.75E+02,fClass 4
W2619C,Unclassified,-2.46,-2.89,-2.05,1.65E+02,fClass 4,-2.85,-3.32,-2.43,3.81E+03,fClass 5,-2.45,-2.91,-2.00,1.65E+02,fClass 4,-2.42,-2.90,-1.96,5.68E+01,fClass 4
N2622S,Unclassified,-2.32,-2.70,-1.97,8.28E+01,fClass 4,-2.65,-3.05,-2.29,1.17E+03,fClass 5,-2.24,-2.65,-1.86,5.40E+01,fClass 4,-2.39,-2.83,-1.97,6.20E+01,fClass 4
H2623R,Unclassified,-2.24,-2.61,-1.88,4.58E+01,fClass 4,-2.83,-3.24,-2.46,4.58E+03,fClass 5,-2.16,-2.57,-1.78,3.24E+01,fClass 4,-2.41,-2.84,-1.99,6.67E+01,fClass 4
W2626R,Unclassified,-2.01,-2.40,-1.62,7.14E+00,fClass 3,-2.48,-2.86,-2.12,3.62E+02,fClass 5,-1.84,-2.25,-1.44,4.59E+00,fClass 3,-2.26,-2.69,-1.83,2.35E+01,fClass 4
W2626C,Class 5,-2.67,-3.08,-2.31,8.30E+02,fClass 5,-2.97,-3.39,-2.60,1.14E+04,fClass 5,-2.71,-3.14,-2.31,1.15E+03,fClass 5,-2.78,-3.26,-2.36,4.23E+02,fClass 5
I2627V,Unclassified,-1.52,-1.94,-1.14,4.45E-01,fClass 3,-1.00,-1.33,-0.68,1.28E-02,fClass 2,-1.58,-2.01,-1.18,1.28E+00,fClass 3,-1.41,-1.94,-0.95,1.99E-01,fClass 3
I2627F,Class 5,-2.74,-3.19,-2.33,1.09E+03,fClass 5,-3.16,-3.64,-2.73,2.71E+04,fClass 5,-2.77,-3.26,-2.32,1.24E+03,fClass 5,-2.54,-3.03,-2.09,1.25E+02,fClass 4
P2639L,Unclassified,-1.49,-1.91,-1.12,3.82E-01,fClass 3,-1.66,-2.06,-1.26,8.93E-01,fClass 3,-1.41,-1.84,-1.02,5.88E-01,fClass 3,-1.49,-2.04,-1.02,2.95E-01,fClass 3
F2642C,Unclassified,-1.14,-1.58,-0.73,6.18E-02,fClass 3,-1.12,-1.53,-0.73,3.82E-02,fClass 2,-1.08,-1.55,-0.66,1.39E-01,fClass 3,-1.06,-1.59,-0.56,3.04E-02,fClass 2
A2643G,Unclassified,-0.07,-0.47,0.35,9.38E-05,fClass 1,-0.07,-0.46,0.31,4.56E-05,fClass 1,0.04,-0.37,0.48,9.38E-04,fClass 1,0.01,-0.47,0.51,2.20E-05,fClass 1
L2647P,Class 4,-2.63,-3.08,-2.21,5.07E+02,fClass 5,-2.56,-3.01,-2.16,4.98E+02,fClass 5,-2.64,-3.12,-2.20,5.74E+02,fClass 5,-2.78,-3.31,-2.32,3.47E+02,fClass 4
V2652G,Unclassified,-2.72,-3.17,-2.31,9.09E+02,fClass 5,-2.70,-3.15,-2.30,1.53E+03,fClass 5,-2.75,-3.25,-2.31,1.14E+03,fClass 5,-2.54,-3.03,-2.08,1.34E+02,fClass 4
L2653P,Class 5,-2.78,-3.24,-2.37,1.29E+03,fClass 5,-2.78,-3.22,-2.36,2.33E+03,fClass 5,-2.83,-3.31,-2.38,1.61E+03,fClass 5,-2.75,-3.26,-2.29,3.55E+02,fClass 5
L2654P,Unclassified,-2.80,-3.25,-2.38,1.51E+03,fClass 5,-2.63,-3.07,-2.22,8.89E+02,fClass 5,-2.84,-3.33,-2.39,1.78E+03,fClass 5,-2.68,-3.19,-2.22,2.72E+02,fClass 4
R2659G,Class 5,-2.34,-2.77,-1.92,6.31E+01,fClass 4,-2.65,-3.09,-2.23,8.56E+02,fClass 5,-2.31,-2.77,-1.85,5.91E+01,fClass 4,-2.48,-2.96,-2.02,9.13E+01,fClass 4
Y2660D,Unclassified,-2.65,-3.10,-2.23,5.64E+02,fClass 5,-2.87,-3.33,-2.46,5.12E+03,fClass 5,-2.67,-3.14,-2.22,5.86E+02,fClass 5,-2.55,-3.04,-2.09,1.38E+02,fClass 4
E2663K,Unclassified,-1.94,-2.34,-1.54,4.39E+00,fClass 3,-2.54,-2.92,-2.18,5.42E+02,fClass 5,-1.98,-2.39,-1.59,1.03E+01,fClass 3,-2.34,-2.78,-1.92,4.40E+01,fClass 4
I2664M,Unclassified,-1.43,-1.84,-1.06,2.69E-01,fClass 3,-1.23,-1.59,-0.91,6.46E-02,fClass 3,-1.18,-1.57,-0.81,1.95E-01,fClass 3,-1.17,-1.64,-0.75,4.47E-02,fClass 2
S2670L,Class 4,-2.71,-3.17,-2.29,7.20E+02,fClass 5,-3.08,-3.55,-2.65,1.74E+04,fClass 5,-2.75,-3.24,-2.30,1.07E+03,fClass 5,-2.73,-3.25,-2.26,3.27E+02,fClass 4
S2670W,Unclassified,-2.78,-3.25,-2.37,1.29E+03,fClass 5,-2.71,-3.15,-2.30,1.61E+03,fClass 5,-2.83,-3.33,-2.36,1.72E+03,fClass 5,-2.39,-2.87,-1.90,4.69E+01,fClass 4
K2673N,Unclassified,-0.32,-0.72,0.09,3.86E-04,fClass 1,-0.50,-0.88,-0.12,5.77E-04,fClass 1,-0.22,-0.63,0.21,2.19E-03,fClass 1,-0.30,-0.78,0.20,1.15E-04,fClass 1
M2676T,Class 2,-0.36,-0.69,-0.03,4.25E-04,fClass 1,-0.49,-0.82,-0.16,3.70E-04,fClass 1,-0.20,-0.55,0.15,1.73E-03,fClass 1,-0.37,-0.78,0.05,1.47E-04,fClass 1
R2678G,Unclassified,0.01,-0.39,0.43,7.48E-05,fClass 1,0.01,-0.39,0.40,5.60E-05,fClass 1,0.13,-0.30,0.56,6.84E-04,fClass 1,-0.11,-0.59,0.39,5.56E-05,fClass 1
A2682V,Unclassified,0.24,-0.16,0.66,4.62E-05,fClass 1,0.38,-0.01,0.79,1.20E-05,fClass 1,0.36,-0.06,0.82,4.29E-04,fClass 1,0.38,-0.12,0.91,1.26E-06,fClass 1
L2686P,Unclassified,-2.88,-3.36,-2.45,2.21E+03,fClass 5,-3.08,-3.55,-2.65,1.75E+04,fClass 5,-2.94,-3.46,-2.48,3.41E+03,fClass 5,-2.46,-2.95,-2.01,7.46E+01,fClass 4
L2688P,Class 4,-2.54,-2.93,-2.18,3.77E+02,fClass 5,-2.91,-3.33,-2.54,8.29E+03,fClass 5,-2.47,-2.88,-2.09,2.44E+02,fClass 4,-2.44,-2.87,-2.03,8.97E+01,fClass 4
S2697N,Class 2,-0.80,-1.13,-0.46,4.35E-03,fClass 2,-0.75,-1.08,-0.42,2.49E-03,fClass 1,-0.59,-0.93,-0.23,9.67E-03,fClass 2,-0.79,-1.20,-0.37,2.58E-03,fClass 1
A2717S,Class 1,-0.71,-1.05,-0.37,2.72E-03,fClass 1,-0.67,-0.99,-0.35,1.21E-03,fClass 1,-0.66,-1.01,-0.32,1.48E-02,fClass 2,-1.01,-1.44,-0.60,1.56E-02,fClass 2
L2721H,Unclassified,-2.30,-2.68,-1.94,6.41E+01,fClass 4,-3.01,-3.43,-2.63,1.44E+04,fClass 5,-2.25,-2.65,-1.87,5.99E+01,fClass 4,-2.52,-2.96,-2.11,1.43E+02,fClass 4
T2722K,Unclassified,-2.45,-2.83,-2.09,1.90E+02,fClass 4,-2.80,-3.19,-2.42,3.86E+03,fClass 5,-2.55,-2.97,-2.16,4.02E+02,fClass 5,-2.53,-2.98,-2.12,1.40E+02,fClass 4
T2722R,Class 5,-2.57,-2.96,-2.21,4.53E+02,fClass 5,-2.66,-3.05,-2.30,1.39E+03,fClass 5,-2.54,-2.96,-2.16,3.86E+02,fClass 5,-2.59,-3.03,-2.18,2.18E+02,fClass 4
D2723H,Class 5,-2.52,-2.52,-2.52,5.06E+02,fClass 5,-2.52,-2.52,-2.52,7.61E+02,fClass 5,-2.52,-2.52,-2.52,4.90E+02,fClass 5,-2.52,-2.52,-2.52,2.15E+02,fClass 4
D2723E,Unclassified,-2.72,-3.13,-2.35,1.16E+03,fClass 5,-2.82,-3.23,-2.47,4.04E+03,fClass 5,-2.82,-3.26,-2.42,1.99E+03,fClass 5,-2.94,-3.44,-2.50,4.38E+02,fClass 5
G2724W,Unclassified,-2.40,-2.78,-2.04,1.36E+02,fClass 4,-2.73,-3.13,-2.37,2.63E+03,fClass 5,-2.35,-2.77,-1.97,1.07E+02,fClass 4,-2.60,-3.06,-2.20,2.17E+02,fClass 4
K2729N,Class 1,-0.88,-1.22,-0.55,8.78E-03,fClass 2,-0.88,-1.21,-0.56,5.72E-03,fClass 2,-0.80,-1.17,-0.45,2.89E-02,fClass 2,-1.14,-1.59,-0.72,3.69E-02,fClass 2
A2730V,Unclassified,-1.07,-1.50,-0.67,3.90E-02,fClass 2,-1.16,-1.60,-0.77,5.61E-02,fClass 3,-1.01,-1.47,-0.59,9.99E-02,fClass 3,-1.20,-1.81,-0.68,8.01E-02,fClass 3
R2744G,Unclassified,0.14,-0.27,0.57,3.88E-05,fClass 1,-0.01,-0.39,0.37,3.83E-05,fClass 1,0.26,-0.16,0.70,4.11E-04,fClass 1,0.13,-0.35,0.64,4.25E-06,fClass 1
L2745V,Unclassified,0.47,0.05,0.90,1.84E-05,fClass 1,0.18,-0.21,0.59,2.69E-05,fClass 1,0.60,0.18,1.05,1.89E-04,fClass 1,0.48,-0.03,1.00,1.57E-06,fClass 1
V2747I,Unclassified,-0.77,-1.11,-0.44,4.46E-03,fClass 2,-0.90,-1.23,-0.57,5.93E-03,fClass 2,-0.64,-0.98,-0.29,1.21E-02,fClass 2,-0.65,-1.06,-0.23,1.17E-03,fClass 1
G2748D,Class 5,-2.59,-2.99,-2.23,4.94E+02,fClass 5,-2.57,-2.95,-2.21,6.80E+02,fClass 5,-2.62,-3.05,-2.23,6.37E+02,fClass 5,-2.50,-2.96,-2.10,1.30E+02,fClass 4
G2755V,Unclassified,-1.11,-1.55,-0.70,5.11E-02,fClass 2,-0.93,-1.32,-0.54,1.02E-02,fClass 2,-1.05,-1.51,-0.61,1.15E-01,fClass 3,-2.13,-2.64,-1.52,6.53E+00,fClass 3
A2764V,Unclassified,-0.26,-0.67,0.15,2.71E-04,fClass 1,-0.41,-0.79,-0.02,3.37E-04,fClass 1,-0.16,-0.57,0.26,1.75E-03,fClass 1,-0.29,-0.78,0.21,1.56E-04,fClass 1
P2771L,Unclassified,-1.80,-2.31,-1.28,1.75E+00,fClass 3,-1.48,-1.99,-1.04,3.79E-01,fClass 3,-1.74,-2.23,-1.25,2.54E+00,fClass 3,-1.82,-2.44,-1.14,1.39E+00,fClass 3
S2773C,Unclassified,-0.04,-0.44,0.38,8.75E-05,fClass 1,0.05,-0.33,0.45,3.58E-05,fClass 1,0.08,-0.33,0.51,7.40E-04,fClass 1,0.16,-0.33,0.68,1.03E-05,fClass 1
K2777E,Unclassified,-0.52,-0.92,-0.13,1.07E-03,fClass 1,-0.37,-0.76,0.02,2.61E-04,fClass 1,-0.43,-0.84,-0.03,5.63E-03,fClass 2,-0.99,-1.52,-0.50,2.15E-02,fClass 2
R2784W,Unclassified,-2.55,-2.98,-2.14,3.03E+02,fClass 4,-2.71,-3.15,-2.30,1.56E+03,fClass 5,-2.55,-3.04,-2.10,3.29E+02,fClass 4,-2.74,-3.26,-2.28,3.43E+02,fClass 4
R2784Q,Class 1,-2.68,-3.13,-2.27,6.76E+02,fClass 5,-2.74,-3.19,-2.33,2.09E+03,fClass 5,-2.70,-3.19,-2.25,7.61E+02,fClass 5,-2.61,-3.11,-2.16,1.88E+02,fClass 4
W2788C,Unclassified,-1.90,-2.37,-1.38,2.93E+00,fClass 3,-2.26,-2.68,-1.85,4.03E+01,fClass 4,-1.83,-2.32,-1.34,3.85E+00,fClass 3,-2.61,-3.11,-2.15,1.84E+02,fClass 4
L2792P,Unclassified,-2.95,-3.42,-2.51,2.72E+03,fClass 5,-2.92,-3.39,-2.51,6.42E+03,fClass 5,-3.02,-3.52,-2.55,4.97E+03,fClass 5,-2.43,-2.90,-1.96,6.25E+01,fClass 4
G2793V,Unclassified,-2.83,-3.29,-2.40,1.63E+03,fClass 5,-3.14,-3.62,-2.70,2.38E+04,fClass 5,-2.88,-3.37,-2.41,2.40E+03,fClass 5,-2.66,-3.17,-2.20,2.39E+02,fClass 4
P2800T,Unclassified,-0.94,-1.34,-0.54,1.55E-02,fClass 2,-0.99,-1.38,-0.61,1.56E-02,fClass 2,-0.87,-1.31,-0.45,4.73E-02,fClass 2,-0.63,-1.12,-0.13,1.26E-03,fClass 1
P2800R,Unclassified,-2.11,-2.55,-1.64,1.13E+01,fClass 3,-2.22,-2.64,-1.79,2.88E+01,fClass 4,-2.05,-2.51,-1.59,1.28E+01,fClass 3,-2.47,-2.95,-2.02,8.38E+01,fClass 4
G2813E,Unclassified,-1.15,-1.60,-0.74,6.46E-02,fClass 3,-1.11,-1.52,-0.74,3.70E-02,fClass 2,-1.09,-1.56,-0.67,1.46E-01,fClass 3,-1.27,-1.91,-0.74,1.21E-01,fClass 3
Y2826C,Unclassified,-2.43,-2.87,-2.02,1.24E+02,fClass 4,-2.67,-3.11,-2.26,1.07E+03,fClass 5,-2.41,-2.87,-1.97,1.42E+02,fClass 4,-2.70,-3.22,-2.24,2.98E+02,fClass 4
P2827A,Unclassified,0.43,0.02,0.86,1.63E-05,fClass 1,0.04,-0.35,0.44,4.35E-05,fClass 1,0.56,0.14,1.00,2.49E-04,fClass 1,0.53,0.03,1.07,6.64E-07,fClass 1
K2833N,Unclassified,-1.34,-1.85,-0.91,1.96E-01,fClass 3,-0.95,-1.35,-0.57,1.13E-02,fClass 2,-1.30,-1.80,-0.85,3.83E-01,fClass 3,-1.77,-2.42,-1.11,1.15E+00,fClass 3
R2842H,Class 1,-2.19,-2.57,-1.83,2.90E+01,fClass 4,-2.02,-2.40,-1.63,8.18E+00,fClass 3,-1.97,-2.37,-1.58,9.47E+00,fClass 3,-2.37,-2.81,-1.97,5.54E+01,fClass 4
R2842C,Unclassified,-2.45,-2.89,-2.04,1.57E+02,fClass 4,-2.58,-3.02,-2.17,5.39E+02,fClass 5,-2.44,-2.91,-1.99,1.56E+02,fClass 4,-2.79,-3.32,-2.33,3.63E+02,fClass 5
R2842L,Unclassified,-2.79,-3.25,-2.38,1.45E+03,fClass 5,-2.38,-2.79,-1.98,1.15E+02,fClass 4,-2.84,-3.33,-2.38,1.56E+03,fClass 5,-2.43,-2.91,-1.96,6.03E+01,fClass 4
E2847K,Unclassified,-0.38,-0.77,0.03,5.11E-04,fClass 1,0.05,-0.33,0.45,3.61E-05,fClass 1,-0.28,-0.71,0.14,3.06E-03,fClass 2,-0.47,-0.96,0.02,4.42E-04,fClass 1
L2862Q,Unclassified,-0.89,-1.29,-0.49,1.18E-02,fClass 2,-0.64,-1.01,-0.27,1.36E-03,fClass 1,-0.82,-1.26,-0.39,3.76E-02,fClass 2,-0.74,-1.24,-0.25,3.32E-03,fClass 2
L2865V,Unclassified,-0.42,-0.82,-0.02,8.14E-04,fClass 1,-0.38,-0.76,0.01,2.39E-04,fClass 1,-0.33,-0.73,0.09,3.18E-03,fClass 2,0.13,-0.36,0.64,5.37E-06,fClass 1
I2869N,Unclassified,-2.02,-2.47,-1.53,6.26E+00,fClass 3,-1.89,-2.36,-1.38,2.99E+00,fClass 3,-1.96,-2.43,-1.47,7.36E+00,fClass 3,-2.55,-3.04,-2.10,1.42E+02,fClass 4
F2873C,Unclassified,-0.66,-1.06,-0.26,2.33E-03,fClass 1,-0.92,-1.31,-0.53,9.05E-03,fClass 2,-0.57,-0.98,-0.17,1.10E-02,fClass 2,-0.55,-1.04,-0.05,1.12E-03,fClass 1
R2896C,Unclassified,0.26,-0.09,0.62,3.18E-05,fClass 1,0.05,-0.28,0.40,2.93E-05,fClass 1,0.39,0.03,0.78,3.13E-04,fClass 1,1.12,0.68,1.61,1.84E-08,fClass 1
D2900V,Unclassified,-0.90,-1.31,-0.49,1.29E-02,fClass 2,-1.05,-1.46,-0.66,2.46E-02,fClass 2,-0.82,-1.26,-0.40,3.70E-02,fClass 2,-1.35,-2.02,-0.80,1.91E-01,fClass 3
G2901V,Unclassified,-1.12,-1.56,-0.71,5.24E-02,fClass 2,-0.78,-1.16,-0.40,3.04E-03,fClass 2,-1.06,-1.51,-0.63,1.22E-01,fClass 3,-1.46,-2.14,-0.88,3.13E-01,fClass 3
Y2905H,Unclassified,-0.34,-0.74,0.07,3.83E-04,fClass 1,-0.67,-1.05,-0.28,1.61E-03,fClass 1,-0.24,-0.64,0.17,2.48E-03,fClass 1,-0.66,-1.13,-0.17,1.55E-03,fClass 1
Y2905C,Unclassified,-1.45,-1.99,-0.98,3.63E-01,fClass 3,-1.92,-2.37,-1.42,3.45E+00,fClass 3,-1.41,-1.92,-0.93,6.00E-01,fClass 3,-2.29,-2.78,-1.78,2.14E+01,fClass 4
V2908G,Class 2,-2.55,-2.95,-2.20,4.12E+02,fClass 5,-2.29,-2.67,-1.95,7.64E+01,fClass 4,-2.48,-2.89,-2.10,2.66E+02,fClass 4,-2.57,-3.01,-2.16,1.79E+02,fClass 4
A2911E,Unclassified,-0.52,-0.85,-0.19,9.70E-04,fClass 1,-0.66,-0.97,-0.34,1.35E-03,fClass 1,-0.43,-0.78,-0.08,4.73E-03,fClass 2,-0.38,-0.80,0.04,1.78E-04,fClass 1
A2911V,Unclassified,-0.65,-0.98,-0.31,2.16E-03,fClass 1,-0.75,-1.06,-0.43,2.33E-03,fClass 1,-0.59,-0.93,-0.24,9.54E-03,fClass 2,-1.29,-1.80,-0.85,1.03E-01,fClass 3
D2913H,Unclassified,-2.12,-2.50,-1.75,1.62E+01,fClass 3,-1.97,-2.35,-1.58,6.02E+00,fClass 3,-1.96,-2.37,-1.57,8.61E+00,fClass 3,-2.46,-2.90,-2.06,1.00E+02,fClass 4
D2913V,Unclassified,-1.42,-1.94,-0.96,2.93E-01,fClass 3,-1.78,-2.28,-1.28,1.64E+00,fClass 3,-1.38,-1.89,-0.91,5.24E-01,fClass 3,-0.84,-1.34,-0.36,7.08E-03,fClass 2
S2922R,Unclassified,-1.33,-1.83,-0.90,1.92E-01,fClass 3,-1.20,-1.63,-0.80,6.87E-02,fClass 3,-1.29,-1.79,-0.82,3.51E-01,fClass 3,-1.27,-1.92,-0.74,1.28E-01,fClass 3
Q2925R,Unclassified,-1.98,-2.44,-1.49,5.00E+00,fClass 3,-2.41,-2.84,-2.01,1.48E+02,fClass 4,-1.92,-2.38,-1.43,5.88E+00,fClass 3,-2.57,-3.06,-2.11,1.51E+02,fClass 4
Q2925H,Unclassified,-1.93,-2.41,-1.43,3.60E+00,fClass 3,-2.12,-2.56,-1.66,1.37E+01,fClass 3,-1.87,-2.34,-1.37,4.61E+00,fClass 3,-2.49,-2.97,-2.04,1.04E+02,fClass 4
R2933T,Unclassified,0.10,-0.30,0.53,6.42E-05,fClass 1,0.09,-0.29,0.49,3.21E-05,fClass 1,0.21,-0.20,0.65,5.19E-04,fClass 1,0.51,0.02,1.05,4.87E-07,fClass 1
I2944F,Class 1,-0.38,-0.71,-0.04,4.64E-04,fClass 1,-0.68,-1.00,-0.35,1.27E-03,fClass 1,-0.29,-0.64,0.06,2.65E-03,fClass 1,-0.34,-0.75,0.08,9.61E-05,fClass 1
V2966A,Unclassified,-1.59,-2.11,-1.10,7.01E-01,fClass 3,-1.59,-2.11,-1.12,6.65E-01,fClass 3,-1.55,-2.07,-1.05,1.10E+00,fClass 3,-2.15,-2.65,-1.55,7.60E+00,fClass 3
L2972W,Unclassified,-1.17,-1.64,-0.76,7.59E-02,fClass 3,-1.20,-1.63,-0.81,6.69E-02,fClass 3,-1.12,-1.60,-0.69,1.73E-01,fClass 3,-1.47,-2.16,-0.88,3.23E-01,fClass 3
S2998Y,Unclassified,0.23,-0.17,0.65,3.75E-05,fClass 1,0.41,0.02,0.83,1.23E-05,fClass 1,0.36,-0.07,0.81,3.56E-04,fClass 1,0.34,-0.15,0.85,1.25E-06,fClass 1
E3002D,Unclassified,-0.18,-0.58,0.23,1.64E-04,fClass 1,-0.30,-0.67,0.09,1.99E-04,fClass 1,-0.08,-0.48,0.34,1.64E-03,fClass 1,0.24,-0.27,0.75,4.38E-06,fClass 1
Y3006D,Unclassified,-2.47,-2.91,-2.07,1.91E+02,fClass 4,-2.53,-2.96,-2.12,3.41E+02,fClass 4,-2.47,-2.94,-2.02,1.91E+02,fClass 4,-2.48,-2.96,-2.02,8.63E+01,fClass 4
R3007G,Unclassified,-1.56,-2.08,-1.09,6.08E-01,fClass 3,-2.09,-2.53,-1.63,1.10E+01,fClass 3,-1.53,-2.05,-1.03,9.99E-01,fClass 3,-1.51,-2.21,-0.90,3.95E-01,fClass 3
L3011P,Unclassified,-1.13,-1.59,-0.72,5.96E-02,fClass 3,-0.90,-1.30,-0.51,8.10E-03,fClass 2,-1.08,-1.54,-0.64,1.32E-01,fClass 3,-1.22,-1.83,-0.71,9.65E-02,fClass 3
T3030I,Unclassified,0.12,-0.28,0.54,5.47E-05,fClass 1,0.25,-0.13,0.65,1.53E-05,fClass 1,0.24,-0.17,0.68,4.95E-04,fClass 1,0.24,-0.24,0.76,3.22E-06,fClass 1
T3033I,Unclassified,-2.05,-2.49,-1.56,7.53E+00,fClass 3,-1.97,-2.42,-1.48,4.74E+00,fClass 3,-1.98,-2.45,-1.51,8.62E+00,fClass 3,-2.26,-2.73,-1.75,1.77E+01,fClass 3
Y3035C,Unclassified,0.00,-0.39,0.42,7.98E-05,fClass 1,0.22,-0.17,0.64,1.98E-05,fClass 1,0.12,-0.30,0.54,7.83E-04,fClass 1,0.35,-0.16,0.86,2.62E-06,fClass 1
Y3035S,Class 2,-0.74,-1.14,-0.34,4.37E-03,fClass 2,-0.63,-1.01,-0.25,1.11E-03,fClass 1,-0.66,-1.08,-0.24,1.60E-02,fClass 2,-0.92,-1.43,-0.43,1.28E-02,fClass 2
I3044V,Unclassified,-0.62,-0.96,-0.29,1.85E-03,fClass 1,-0.78,-1.10,-0.47,2.71E-03,fClass 1,-0.50,-0.85,-0.15,6.60E-03,fClass 2,-0.42,-0.82,-0.01,2.60E-04,fClass 1
R3052W,Class 5,-2.69,-3.09,-2.31,8.13E+02,fClass 5,-2.90,-3.31,-2.53,7.64E+03,fClass 5,-2.69,-3.12,-2.29,9.25E+02,fClass 5,-2.85,-3.34,-2.43,4.49E+02,fClass 5
P3054S,Unclassified,-1.00,-1.35,-0.65,1.83E-02,fClass 2,-0.85,-1.17,-0.53,4.19E-03,fClass 2,-0.92,-1.29,-0.57,5.35E-02,fClass 3,-1.44,-1.98,-0.97,2.26E-01,fClass 3
F3060C,Unclassified,0.26,-0.14,0.70,2.93E-05,fClass 1,0.07,-0.31,0.47,2.74E-05,fClass 1,0.39,-0.04,0.84,2.96E-04,fClass 1,0.19,-0.29,0.70,4.58E-06,fClass 1
V3072E,Unclassified,-2.73,-3.18,-2.32,1.02E+03,fClass 5,-2.95,-3.42,-2.54,6.38E+03,fClass 5,-2.77,-3.25,-2.32,1.33E+03,fClass 5,-2.82,-3.36,-2.36,4.05E+02,fClass 5
D3073G,Unclassified,-2.75,-3.21,-2.35,1.07E+03,fClass 5,-3.07,-3.54,-2.63,1.13E+04,fClass 5,-2.79,-3.28,-2.35,1.21E+03,fClass 5,-2.95,-3.52,-2.46,4.08E+02,fClass 5
G3076E,Unclassified,-2.81,-3.28,-2.38,1.48E+03,fClass 5,-3.12,-3.61,-2.67,2.16E+04,fClass 5,-2.86,-3.34,-2.40,2.22E+03,fClass 5,-2.68,-3.18,-2.22,2.53E+02,fClass 4
D3095E,Class 5,-2.85,-3.26,-2.47,2.23E+03,fClass 5,-3.00,-3.41,-2.62,1.33E+04,fClass 5,-2.80,-3.25,-2.40,1.76E+03,fClass 5,-2.63,-3.08,-2.21,2.44E+02,fClass 4
E3096K,Class 2,-0.04,-0.38,0.32,6.99E-05,fClass 1,0.00,-0.33,0.32,4.93E-05,fClass 1,0.05,-0.30,0.41,7.56E-04,fClass 1,-0.09,-0.51,0.33,2.53E-05,fClass 1
Y3098H,Class 1,-0.53,-0.86,-0.19,9.19E-04,fClass 1,-0.76,-1.08,-0.43,2.43E-03,fClass 1,-0.47,-0.81,-0.12,5.47E-03,fClass 2,-0.92,-1.34,-0.51,7.64E-03,fClass 2
L3101R,Unclassified,-2.60,-3.04,-2.20,4.80E+02,fClass 5,-2.87,-3.33,-2.44,4.28E+03,fClass 5,-2.61,-3.10,-2.16,4.42E+02,fClass 5,-2.56,-3.05,-2.11,1.51E+02,fClass 4
L3101P,Unclassified,-2.82,-3.29,-2.40,1.63E+03,fClass 5,-2.87,-3.32,-2.45,4.67E+03,fClass 5,-2.88,-3.37,-2.43,2.50E+03,fClass 5,-2.93,-3.49,-2.45,4.17E+02,fClass 5
S3123G,Unclassified,0.06,-0.34,0.47,5.97E-05,fClass 1,0.10,-0.30,0.49,3.35E-05,fClass 1,0.18,-0.24,0.61,5.02E-04,fClass 1,0.08,-0.41,0.58,7.54E-06,fClass 1
S3123R,Unclassified,0.27,-0.14,0.69,2.34E-05,fClass 1,0.13,-0.26,0.54,3.09E-05,fClass 1,0.39,-0.03,0.83,2.91E-04,fClass 1,0.81,0.30,1.36,1.92E-07,fClass 1
N3124I,Class 5,-2.50,-2.88,-2.14,2.57E+02,fClass 4,-3.17,-3.61,-2.79,3.70E+04,fClass 5,-2.63,-3.06,-2.24,5.96E+02,fClass 5,-2.61,-3.08,-2.20,2.20E+02,fClass 4
Q3126P,Unclassified,-0.75,-1.15,-0.35,4.84E-03,fClass 2,-1.02,-1.42,-0.63,1.97E-02,fClass 2,-0.67,-1.08,-0.27,1.53E-02,fClass 2,-1.94,-2.51,-1.27,2.36E+00,fClass 3
I3183V,Unclassified,-0.36,-0.69,-0.02,3.38E-04,fClass 1,-0.42,-0.74,-0.09,2.81E-04,fClass 1,-0.30,-0.65,0.05,2.65E-03,fClass 1,-0.15,-0.56,0.27,2.97E-05,fClass 1
N3187K,Unclassified,-0.09,-0.43,0.26,9.09E-05,fClass 1,-0.07,-0.40,0.25,5.07E-05,fClass 1,0.17,-0.19,0.53,5.22E-04,fClass 1,0.16,-0.26,0.59,4.82E-06,fClass 1
R3269G,Unclassified,0.62,0.19,1.06,8.53E-06,fClass 1,0.55,0.16,0.96,1.43E-05,fClass 1,0.75,0.31,1.21,1.70E-04,fClass 1,0.73,0.24,1.25,1.89E-07,fClass 1
R3269T,Unclassified,0.04,-0.36,0.47,7.75E-05,fClass 1,0.17,-0.22,0.57,2.21E-05,fClass 1,0.16,-0.25,0.58,6.08E-04,fClass 1,0.26,-0.23,0.78,2.59E-06,fClass 1
L3274W,Unclassified,0.73,0.31,1.17,9.16E-06,fClass 1,0.45,0.05,0.86,9.19E-06,fClass 1,0.87,0.44,1.35,1.81E-04,fClass 1,0.93,0.41,1.48,1.71E-07,fClass 1
P3280R,Unclassified,0.31,-0.10,0.74,2.53E-05,fClass 1,0.15,-0.23,0.56,2.68E-05,fClass 1,0.44,0.02,0.88,4.30E-04,fClass 1,0.54,0.03,1.07,5.95E-07,fClass 1
I3286N,Unclassified,0.10,-0.30,0.52,5.90E-05,fClass 1,-0.15,-0.54,0.24,8.19E-05,fClass 1,0.22,-0.20,0.65,4.32E-04,fClass 1,0.03,-0.45,0.53,1.58E-05,fClass 1
S3291C,Unclassified,-1.90,-2.31,-1.49,3.47E+00,fClass 3,-2.07,-2.43,-1.69,1.15E+01,fClass 3,-1.71,-2.13,-1.31,2.26E+00,fClass 3,-2.00,-2.47,-1.47,3.62E+00,fClass 3
P3292L,Class 1,-0.24,-0.58,0.11,1.95E-04,fClass 1,-0.40,-0.72,-0.07,2.47E-04,fClass 1,-0.14,-0.48,0.21,1.44E-03,fClass 1,-0.44,-0.85,-0.03,2.17E-04,fClass 1
Q3295P,Unclassified,-1.35,-1.86,-0.91,2.15E-01,fClass 3,-1.75,-2.25,-1.26,1.46E+00,fClass 3,-1.32,-1.82,-0.86,4.05E-01,fClass 3,-1.90,-2.49,-1.23,2.00E+00,fClass 3
P3301L,Unclassified,-0.42,-0.82,-0.01,6.18E-04,fClass 1,-0.65,-1.04,-0.27,1.40E-03,fClass 1,-0.32,-0.73,0.10,3.19E-03,fClass 2,-1.02,-1.53,-0.52,2.44E-02,fClass 2
S3319F,Unclassified,-0.31,-0.59,-0.03,3.04E-04,fClass 1,-0.25,-0.51,0.02,1.23E-04,fClass 1,-0.16,-0.44,0.14,1.43E-03,fClass 1,-0.19,-0.52,0.15,3.09E-05,fClass 1
R3385H,Unclassified,-0.26,-0.59,0.09,1.99E-04,fClass 1,-0.36,-0.68,-0.03,1.95E-04,fClass 1,-0.15,-0.51,0.21,1.62E-03,fClass 1,-0.60,-1.01,-0.19,6.49E-04,fClass 1
T3387A,Unclassified,0.09,-0.25,0.45,5.70E-05,fClass 1,-0.06,-0.39,0.28,4.97E-05,fClass 1,0.18,-0.18,0.55,5.02E-04,fClass 1,-0.05,-0.47,0.38,3.29E-05,fClass 1
Wild-type,Class 1,0.00,0.00,0.00,3.66E-05,fClass 1,0.00,0.00,0.00,2.35E-05,fClass 1,0.00,0.00,0.00,6.56E-04,fClass 1,0.00,0.00,0.00,4.00E-06,fClass 1
Empty-vector,Class 5,-2.60,-2.98,-2.24,5.62E+02,fClass 5,-2.53,-2.92,-2.17,5.34E+02,fClass 5,-2.50,-2.92,-2.12,3.17E+02,fClass 4,-2.47,-2.91,-2.06,1.03E+02,fClass 4
K485X,Class 5,-2.67,-3.12,-2.25,6.40E+02,fClass 5,-3.02,-3.50,-2.60,1.27E+04,fClass 5,-2.69,-3.18,-2.24,7.22E+02,fClass 5,-2.72,-3.25,-2.26,3.07E+02,fClass 4
L997X,Class 5,-2.96,-3.44,-2.54,2.83E+03,fClass 5,-3.49,-4.00,-3.02,1.04E+05,fClass 5,-3.03,-3.54,-2.57,5.41E+03,fClass 5,-2.91,-3.47,-2.43,4.23E+02,fClass 5
Q1502X,Class 5,-2.78,-3.24,-2.36,1.24E+03,fClass 5,-2.98,-3.44,-2.56,1.10E+04,fClass 5,-2.82,-3.32,-2.37,1.68E+03,fClass 5,-2.75,-3.28,-2.28,3.22E+02,fClass 4
K1984X,Class 5,-2.99,-3.47,-2.55,2.97E+03,fClass 5,-2.96,-3.42,-2.55,6.83E+03,fClass 5,-3.06,-3.58,-2.59,6.21E+03,fClass 5,-2.48,-2.96,-2.03,9.00E+01,fClass 4
C2535X,Class 5,-2.34,-2.75,-1.92,6.19E+01,fClass 4,-2.17,-2.59,-1.73,1.97E+01,fClass 4,-2.30,-2.77,-1.85,6.37E+01,fClass 4,-2.43,-2.91,-1.97,6.42E+01,fClass 4
BF: Bayes factor,,,,,,,,,,,,,,,,,,,,,
"LL: lower limit, UL: upper limit",,,,,,,,,,,,,,,,,,,,,