Supplemental Table 1. Functional and ACMG/AMP code data for classification of BRCA2 missense variants,,,,,,,,,,,,,,,,,,,,,,,,,,,,,
,,HDR with 95% CI,,,BRCA2 Functional Data,,,,,,,,,,ACMG Codes,,,,,,,,Classification Data,,,Multifactorial Data,,,
Variant,,HDR Score,95% CI lower bound,95%CI upper bound,Previously Published HDR Study1-3,Mesman 2019 Complementation4,"Mesman 2019
HDR4","Biswas 2012
Complementation5","Biswas 2012
HDR5","Kuznetsov 2008
Cell Viability6","Ikegami 2020
Olaparib7","Ikegami 2020
Niraparib7","Ikegami 2020
Rucaparib7","Ikegami 2020
CBDCA7",PS3/BS3 (Function),PM1 (Structure),PM5b (amino acid  change at position of pathogenic missense variant),PP1 (Co-segregation),PM38-10 (FA patients)/BP2 (healthy biallelic patients),"PP3/BP4d, e (Bayesdel)",Frequency Codesf (BA1/BS1/PM2_Supporting),BP5 (co-occurences),Before Classification,Final Classification,ClinVar Final Assertion,"Lindor 2012
IARC Class12","Easton 2007
Combined LR13","Parsons 2019
IARC Class14",Standards for HDR Validation
p.Ala2582Thr,p.A2582T,4.65,4.10,5.25,Novel,-,-,-,-,-,-,-,-,-,BS3,-,-,-,-,inconclusive,PM2_Supporting,-,VUS,LB,No Conflict VUS,-,-,-,No
p.Ala2603Pro,p.A2603P,1.07,0.92,1.25,Previously Published,-,-,-,-,-,-,-,-,-,PS3,-,-,-,-,-,-,-,Not observed,Not observed,Absent,-,-,-,No
p.Ala2603Ser,p.A2603S,4.06,3.49,4.72,Previously Published,-,-,-,-,-,-,-,-,-,BS3,-,-,-,-,-,-,-,Not observed,Not observed,No Conflict VUS,-,-,-,No
p.Ala2632Gly,p.A2632G,3.68,3.16,4.28,Previously Published,-,-,-,-,-,-,-,-,-,BS3,-,-,-,-,-,-,-,Not observed,Not observed,Absent,-,-,-,No
p.Ala2632Ser,p.A2632S,4.08,3.50,4.74,Previously Published,-,-,-,-,-,-,-,-,-,BS3,-,-,-,-,-,-,-,Not observed,Not observed,Absent,-,-,-,No
p.Ala2632Thr,p.A2632T,3.52,3.03,4.08,Previously Published,-,-,-,-,-,-,-,-,-,BS3,-,-,-,-,-,-,-,Not observed,Not observed,No Conflict VUS,-,-,-,No
p.Ala2671Ser,p.A2671S,3.64,3.13,4.22,Novel,-,-,-,-,-,-,-,-,-,BS3,-,-,-,-,BP4,PM2_Supporting,-,VUS,LB,Excluded,-,-,-,No
p.Ala2717Ser,p.A2717S,4.54,4.13,5.00,Previously Published,Yes,85,-,-,-,fClass 1,fClass 1,fClass 2,fClass 2,BS3,-,-,-,BP2,BP4,BA1 (0.16% NFE),BP5,Benign,Benign,No Conflict LB/B,Class 1,-,-,LB/B
p.Ala2730Pro,p.A2730P,1.01,0.90,1.15,Previously Published,-,-,-,-,-,-,-,-,-,PS3,PM1_Supporting,-,PP1,-,inconclusive,-,-,VUS,LP,Conflicting LP/P,-,-,-,No
p.Ala2756Gly,p.A2756G,5.18,4.65,5.77,Novel,-,-,-,-,-,-,-,-,-,BS3,-,-,-,-,inconclusive,PM2_Supporting,-,VUS,LB,Excluded,-,-,-,No
p.Ala2770Asp,p.A2770D,3.51,3.15,3.90,Novel,-,-,-,-,-,-,-,-,-,BS3,-,-,-,-,inconclusive,PM2_Supporting,-,VUS,LB,No Conflict VUS,-,-,-,No
p.Ala2770Thr,p.A2770T,3.80,3.26,4.42,Novel,-,-,-,-,-,-,-,-,-,BS3,-,-,-,-,inconclusive,PM2_Supporting,-,VUS,LB,No Conflict LB/B,Class 2,-,Benign,LB/B
p.Ala2780Asp,p.A2780D,1.04,0.89,1.21,Novel,-,-,-,-,-,-,-,-,-,PS3,-,-,-,-,inconclusive,PM2_Supporting,-,VUS,VUS,Excluded,-,-,-,No
p.Ala2786Pro,p.A2786P,1.23,1.06,1.43,Previously Published,-,-,-,-,-,-,-,-,-,PS3,-,-,-,-,-,-,-,Not observed,Not observed,Excluded,-,-,-,No
p.Ala2851Val,p.A2851V,5.03,4.32,5.84,Previously Published,-,-,-,-,-,-,-,-,-,BS3,-,-,-,-,inconclusive,PM2_Supporting,-,VUS,LB,Excluded,-,-,-,No
p.Ala2951Thr,p.A2951T,3.87,3.33,4.50,Previously Published,Yes,72,-,-,-,-,-,-,-,BS3,-,-,-,BP2,inconclusive,BA1 (2.75% LAT),BP5,Benign,Benign,No Conflict LB/B,-,-,-,LB/B
p.Ala3028Pro,p.A3028P,1.18,1.02,1.38,Previously Published,-,-,-,-,-,-,-,-,-,PS3,PM1,-,PP1_Moderate,PM3 (personal communication),BP4,PM2_Supporting,-,LP,Pathogenic,Excluded,-,-,-,LP/P
p.Ala3029Val,p.A3029V,4.95,4.25,5.75,Previously Published,-,-,-,-,-,-,-,-,-,BS3,-,-,-,-,BP4,-,-,VUS,LB,No Conflict VUS,-,-,-,No
p.Ala3088Val,p.A3088V,6.14,5.27,7.12,Previously Published,-,-,-,-,-,-,-,-,-,BS3,-,-,-,-,BP4,PM2_Supporting,-,VUS,LB,Excluded,-,-,Likely Benign,LB/B
p.Ala3122Pro,p.A3122P,1.09,0.97,1.24,Previously Published,-,-,-,-,-,-,-,-,-,PS3,-,-,-,-,-,-,-,Not observed,Not observed,No Conflict VUS,-,-,-,No
p.Cys2765Tyr,p.C2765Y,4.44,3.81,5.16,Previously Published,-,-,-,-,-,-,-,-,-,BS3,-,-,-,-,-,-,-,Not observed,Not observed,No Conflict VUS,-,-,-,No
p.Cys2817Phe,p.C2817F,4.44,2.78,3.76,Novel,-,-,-,-,-,-,-,-,-,BS3,-,-,-,-,inconclusive,PM2_Supporting,-,VUS,LB,No Conflict VUS,-,-,-,No
p.Cys3069Arg,p.C3069R,3.52,3.03,4.09,Previously Published,-,-,-,-,-,-,-,-,-,BS3,-,-,-,-,inconclusive,PM2_Supporting,-,VUS,LB,No Conflict VUS,-,-,-,No
p.Asp2489Tyr,p.D2489Y,4.58,3.94,5.32,Previously Published,-,-,-,-,-,-,-,-,-,BS3,-,-,-,-,-,-,-,Not observed,Not observed,Absent,-,-,-,No
p.Asp2606Asn,p.D2606N,3.31,2.85,3.85,Previously Published,-,-,-,-,-,-,-,-,-,BS3,-,-,-,-,-,-,-,Not observed,Not observed,Absent,-,-,-,No
p.Asp2665Gly,p.D2665G,4.74,4.18,5.36,Previously Published,-,-,-,-,-,-,-,-,-,BS3,-,-,-,-,inconclusive,BS1 (.017% NFE),-,VUS,Benign,Conflicting LB/B,Class 2,Neutrality,Benign,LB/B
p.Asp2665Tyr,p.D2665Y,4.08,3.51,4.74,Novel,-,-,-,-,-,-,-,-,-,BS3,-,-,-,-,inconclusive,PM2_Supporting,-,VUS,LB,No Conflict VUS,-,-,-,No
p.Asp2679Gly,p.D2679G,4.12,3.65,4.66,Previously Published,-,-,-,-,-,-,-,-,-,BS3,-,-,-,-,PP3,-,-,VUS,VUS,Conflicting LB/B,-,-,-,No
p.Asp2680Gly,p.D2680G,3.53,3.03,4.10,Previously Published,-,-,-,-,-,-,-,-,-,BS3,-,-,-,-,-,-,-,Not observed,Not observed,Excluded,-,-,-,No
p.Asp2712Asn,p.D2712N,5.19,4.45,6.03,Previously Published,-,-,-,-,-,-,-,-,-,BS3,-,-,-,-,BP4,PM2_Supporting,-,VUS,LB,No Conflict VUS,-,-,-,No
p.Asp2723Ala,p.D2723A,0.99,0.85,1.15,Previously Published,-,-,-,-,-,-,-,-,-,PS3,PM1,"PM5 (p.D2723N, p.D2723H)",PP1,-,PP3,PM2_Supporting,-,LP,Pathogenic,Conflicting LP/P,-,-,-,LP/P
p.Asp2723Gly,p.D2723G,0.94,0.81,1.10,Previously Published,No,N/A,-,-,-,-,-,-,-,PS3,-,"PM5 (p.D2723N, p.D2723H)",-,-,PP3,PM2_Supporting,-,VUS,Pathogenic,No Conflict LP/P,Class 5,Causality,-,LP/P
p.Asp2723His,p.D2723H,1.00,0.93,1.07,Previously Published,No,N/A,-,-,No,fClass 5,fClass 5,fClass 5,fClass 4,PS3,-,-,-,-,PP3,PM2_Supporting,-,VUS,Pathogenic,No Conflict LP/P,Class 5,-,-,LP/P
p.Asp2723Asn,p.D2723N,0.89,0.76,1.04,Novel,-,-,-,-,-,-,-,-,-,PS3,PM1,-,-,-,inconclusive,PM2_Supporting,-,VUS,LP,No Conflict LP/P,-,-,-,No
p.Asp2723Val,p.D2723V,0.98,0.86,1.11,Previously Published,-,-,-,-,-,-,-,-,-,PS3,PM1,"PM5 (p.D2723N, p.D2723H)",PP1,-,PP3,PM2_Supporting,-,LP,Pathogenic,Conflicting LP/P,-,-,-,LP/P
p.Asp2723Tyr,p.D2723Y,1.17,1.01,1.36,Previously Published,-,-,-,-,-,-,-,-,-,PS3,-,-,-,-,-,-,-,Not observed,Not observed,Absent,-,-,-,No
p.Asp2733Glu,p.D2733E,3.45,2.96,4.02,Previously Published,-,-,-,-,-,-,-,-,-,BS3,-,-,-,-,-,-,-,Not observed,Not observed,Absent,-,-,-,No
p.Asp2819His,p.D2819H,1.37,1.19,1.60,Previously Published,-,-,-,-,-,-,-,-,-,PS3,-,-,-,-,-,-,-,Not observed,Not observed,No Conflict VUS,-,-,-,No
p.Asp2819Val,p.D2819V,1.20,1.06,1.36,Novel,-,-,-,-,-,-,-,-,-,PS3,-,-,-,-,inconclusive,PM2_Supporting,-,VUS,VUS,Excluded,-,-,-,No
p.Asp2913Glu,p.D2913E,4.92,4.22,5.72,Previously Published,Yes,80,-,-,-,-,-,-,-,BS3,-,-,-,-,BP4,-,-,VUS,LB,No Conflict VUS,-,-,-,No
p.Asp2913Gly,p.D2913G,3.01,2.59,3.50,Previously Published,Yes,46,-,-,-,-,-,-,-,BS3,-,-,-,-,-,-,-,Not observed,Not observed,Absent,-,-,-,No
p.Asp2913His,p.D2913H,2.94,2.69,3.20,Previously Published,-,-,-,-,-,fClass 3,fClass 3,fClass 3,fClass 4,BS3,-,-,-,-,BP4,-,-,VUS,LB,No Conflict VUS,-,-,-,No
p.Asp2965His,p.D2965H,5.33,4.70,6.03,Previously Published,-,-,-,-,-,-,-,-,-,BS3,-,-,-,-,BP4,PM2_Supporting,-,VUS,LB,Conflicting LB/B,Class 2,-,-,LB/B
p.Asp3073Gly,p.D3073G,1.08,0.94,1.26,Previously Published,No,N/A,-,-,-,fClass 5,fClass 5,fClass 5,fClass 5,PS3,-,-,-,-,inconclusive,PM2_Supporting,-,VUS,VUS,No Conflict VUS,-,-,-,No
p.Asp3073Tyr,p.D3073Y,0.98,0.85,1.15,Novel,-,-,-,-,-,-,-,-,-,PS3,-,-,-,-,inconclusive,PM2_Supporting,-,VUS,VUS,No Conflict VUS,-,-,-,No
p.Asp3095Glu,p.D3095E,0.95,0.84,1.07,Previously Published,No,N/A,No,N/A,-,fClass 5,fClass 5,fClass 5,fClass 4,PS3,PM1,-,-,-,inconclusive,PM2_Supporting,-,VUS,Pathogenic,No Conflict LP/P,Class 4,Causality,-,LP/P
p.Asp3095Gly,p.D3095G,1.04,0.90,1.21,Novel,-,-,-,-,-,-,-,-,-,PS3,-,PM5 (p.D3095E),PP1,-,inconclusive,PM2_Supporting,-,VUS,Pathogenic,Conflicting LP/P,-,-,-,No
p.Asp3112Gly,p.D3112G,4.52,3.88,5.26,Previously Published,-,-,-,-,-,-,-,-,-,BS3,-,-,-,-,-,-,-,Not observed,Not observed,No Conflict VUS,-,-,-,No
p.Asp3112Asn,p.D3112N,5.67,5.01,6.40,Previously Published,-,-,-,-,-,-,-,-,-,BS3,-,-,-,-,-,-,-,Not observed,Not observed,No Conflict VUS,-,-,-,No
p.Asp3112Tyr,p.D3112Y,2.91,2.57,3.29,Previously Published,-,-,-,-,-,-,-,-,-,BS3,-,-,-,-,-,-,-,Not observed,Not observed,Absent,-,-,-,No
p.Asp3170Gly,p.D3170G,4.73,4.29,5.20,Previously Published,Yes,71,-,-,-,-,-,-,-,BS3,-,-,-,-,BP4,PM2_Supporting,-,VUS,Benign,No Conflict LB/B,Class 1,Neutrality,-,LB/B
p.Glu2571Gly,p.E2571G,5.50,4.73,6.39,Previously Published,-,-,-,-,-,-,-,-,-,BS3,-,-,-,-,inconclusive,BS1 (.016% AFR),-,VUS,LB,Conflicting LB/B,-,-,-,No
p.Glu2571Lys,p.E2571K,5.36,4.61,6.23,Novel,-,-,-,-,-,-,-,-,-,BS3,-,-,-,-,inconclusive,PM2_Supporting,-,VUS,LB,No Conflict VUS,-,-,-,No
p.Glu2599Gly,p.E2599G,1.46,1.30,1.66,Novel,-,-,-,-,-,-,-,-,-,PS3,-,-,-,-,inconclusive,PM2_Supporting,-,VUS,VUS,No Conflict VUS,-,-,-,No
p.Glu2663Lys,p.E2663K,0.83,0.73,0.93,Previously Published,-,-,-,-,-,fClass 3,fClass 5,fClass 3,fClass 4,PS3,PM1,-,PP1,-,inconclusive,PM2_Supporting,-,VUS,Pathogenic,Excluded,-,-,-,No
p.Glu2757Val,p.E2757V,4.61,3.96,5.37,Previously Published,-,-,-,-,-,-,-,-,-,BS3,-,-,-,-,-,-,-,Not observed,Not observed,Absent,-,-,-,No
p.Glu2847Asp,p.E2847D,3.38,2.90,3.93,Previously Published,-,-,-,-,-,-,-,-,-,BS3,-,-,-,-,-,-,-,Not observed,Not observed,No Conflict VUS,-,-,-,No
p.Glu2848Gln,p.E2848Q,4.79,4.11,5.58,Previously Published,-,-,-,-,-,-,-,-,-,BS3,-,-,-,-,BP4,PM2_Supporting,-,VUS,LB,No Conflict VUS,-,-,-,No
p.Glu2856Ala,p.E2856A,4.00,3.53,4.52,Previously Published,Yes,82,-,-,Yes,-,-,-,-,BS3,-,-,-,BP2,BP4,BA1 (0.19% NFE),BP5,Benign,Benign,Conflicting LB/B,Class 1,-,-,LB/B
p.Glu2947Lys,p.E2947K,4.89,4.20,5.69,Previously Published,-,-,-,-,-,-,-,-,-,BS3,-,-,-,-,-,-,-,Not observed,Not observed,Absent,Class 2,-,-,LB/B
p.Glu2981Lys,p.E2981K,4.86,4.18,5.66,Previously Published,-,-,-,-,-,-,-,-,-,BS3,-,-,-,-,BP4,-,-,VUS,LB,No Conflict VUS,-,-,Likely Benign,LB/B
p.Glu3002Asp,p.E3002D,2.47,2.28,2.68,Previously Published,-,-,-,-,-,fClass 1,fClass 1,fClass 1,fClass 1,BS3,-,-,-,-,BP4,PM2_Supporting,-,VUS,LB,Conflicting LB/B,-,-,-,No
p.Glu3071Asp,p.E3071D,4.30,3.69,5.00,Previously Published,-,-,-,-,-,-,-,-,-,BS3,-,-,-,-,inconclusive,PM2_Supporting,-,VUS,LB,No Conflict LB/B,-,-,-,No
p.Glu3152Lys,p.E3152K,4.90,4.20,5.70,Previously Published,-,-,-,-,-,-,-,-,-,BS3,-,-,-,-,inconclusive,-,-,VUS,LB,Conflicting LB/B,-,-,Uncertain,No
p.Phe2562Cys,p.F2562C,1.32,1.14,1.54,Novel,-,-,-,-,-,-,-,-,-,PS3,-,-,-,-,inconclusive,PM2_Supporting,-,VUS,VUS,No Conflict VUS,-,-,-,No
p.Phe2562Val,p.F2562V,1.08,0.93,1.26,Previously Published,-,-,-,-,-,fClass 4,fClass 5,fClass 4,fClass 4,PS3,-,-,-,-,-,-,-,Not observed,Not observed,No Conflict VUS,-,-,-,No
p.Phe2568Ser,p.F2568S,3.53,3.02,4.10,Previously Published,-,-,-,-,-,-,-,-,-,BS3,-,-,-,-,-,-,-,Not observed,Not observed,Absent,-,-,-,No
p.Phe2600Cys,p.F2600C,3.33,2.86,3.87,Previously Published,-,-,-,-,-,-,-,-,-,BS3,-,-,-,-,-,-,-,Not observed,Not observed,Excluded,-,-,-,No
p.Phe2642Cys,p.F2642C,2.90,2.61,3.23,Novel,-,-,-,-,-,fClass 3,fClass 2,fClass 3,fClass 2,BS3,-,-,-,-,inconclusive,PM2_Supporting,-,VUS,LB,No Conflict VUS,-,-,-,No
p.Phe2642Ser,p.F2642S,1.07,0.92,1.25,Previously Published,-,-,-,-,-,-,-,-,-,PS3,-,-,-,-,-,-,-,Not observed,Not observed,Absent,-,-,-,No
p.Phe2794Leu,p.F2794L,3.56,3.06,4.14,Previously Published,-,-,-,-,-,-,-,-,-,BS3,-,-,-,-,BP4,PM2_Supporting,-,VUS,LB,No Conflict VUS,-,-,-,No
p.Phe2873Cys,p.F2873C,3.79,3.26,4.41,Previously Published,-,-,-,-,-,fClass 1,fClass 2,fClass 2,fClass 1,BS3,-,-,-,-,-,-,-,Not observed,Not observed,Excluded,-,-,-,No
p.Phe3146Ser,p.F3146S,1.06,0.91,1.23,Novel,-,-,-,-,-,-,-,-,-,PS3,-,-,-,-,inconclusive,PM2_Supporting,-,VUS,VUS,Excluded,-,-,-,No
p.Gly2508Arg,p.G2508R,1.08,0.93,1.26,Previously Published,-,-,-,-,-,-,-,-,-,PS3,-,-,-,-,-,-,-,Not observed,Not observed,Absent,-,-,-,No
p.Gly2508Ser,p.G2508S,3.22,2.93,3.55,Previously Published,Yes,50,-,-,-,fClass 3,fClass 4,fClass 3,fClass 4,BS3,-,-,-,BP2,inconclusive,-,-,VUS,VUS,Conflicting LB/B,-,-,-,No
p.Gly2544Ser,p.G2544S,4.43,3.80,5.15,Novel,-,-,-,-,-,-,-,-,-,BS3,-,-,-,-,inconclusive,PM2_Supporting,-,VUS,LB,No Conflict VUS,-,-,-,No
p.Gly2578Glu,p.G2578E,4.42,3.80,5.13,Novel,-,-,-,-,-,-,-,-,-,BS3,-,-,-,-,inconclusive,PM2_Supporting,-,VUS,LB,No Conflict VUS,-,-,-,No
p.Gly2584Cys,p.G2584C,3.94,3.38,4.59,Novel,-,-,-,-,-,fClass 3,fClass 3,fClass 3,fClass 4,BS3,-,-,-,-,inconclusive,PM2_Supporting,-,VUS,LB,Excluded,-,-,-,No
p.Gly2584Asp,p.G2584D,2.79,2.46,3.16,Previously Published,Yes,70,-,-,-,-,-,-,-,BS3,-,-,-,-,inconclusive,PM2_Supporting,-,VUS,LB,No Conflict VUS,-,-,-,No
p.Gly2596Glu,p.G2596E,1.12,0.96,1.30,Previously Published,-,-,-,-,-,-,-,-,-,PS3,-,-,-,-,PP3,PM2_Supporting,-,VUS,LP,No Conflict VUS,-,-,-,No
p.Gly2596Arg,p.G2596R,1.28,1.10,1.49,Previously Published,-,-,-,-,-,-,-,-,-,PS3,-,-,-,-,PP3,PM2_Supporting,-,VUS,LP,No Conflict VUS,-,-,-,No
p.Gly2609Val,p.G2609V,1.07,0.92,1.25,Previously Published,-,-,-,-,-,-,-,-,-,PS3,PM1_Supporting,-,-,-,inconclusive,PM2_Supporting,-,VUS,LP,Excluded,-,-,-,No
p.Gly2724Val,p.G2724V,1.07,0.92,1.24,Novel,-,-,-,-,-,-,-,-,-,PS3,-,-,-,-,PP3,PM2_Supporting,-,VUS,LP,Excluded,-,-,-,No
p.Gly2724Trp,p.G2724W,1.12,0.99,1.27,Previously Published,-,-,-,-,-,fClass 4,fClass 5,fClass 4,fClass 4,PS3,-,-,-,-,-,-,-,Not observed,Not observed,No Conflict LP/P,-,-,-,No
p.Gly2748Asp,p.G2748D,0.95,0.84,1.08,Previously Published,No,N/A,-,-,-,fClass 5,fClass 5,fClass 5,fClass 4,PS3,-,-,PP1,-,PP3,-,-,VUS,LP,No Conflict LP/P,Class 5,Causality,-,LP/P
p.Gly2748Ser,p.G2748S,0.97,0.84,1.13,Previously Published,-,-,-,-,-,-,-,-,-,PS3,-,-,-,-,-,-,-,Not observed,Not observed,No Conflict VUS,-,-,-,No
p.Gly2793Glu,p.G2793E,1.19,0.96,1.23,Previously Published,-,-,-,-,-,-,-,-,-,PS3,PM1,-,-,-,PP3,PM2_Supporting,-,VUS,LP,Excluded,-,-,-,No
p.Gly2793Arg,p.G2793R,1.18,1.02,1.37,Previously Published,-,-,-,-,-,-,-,-,-,PS3,PM1_Supporting,PM5 (p.G2793E),-,-,PP3,-,-,VUS,Pathogenic,No Conflict LP/P,-,-,-,No
p.Gly2793Val,p.G2793V,1.16,1.03,1.32,Novel,-,-,-,-,-,fClass 5,fClass 5,fClass 5,fClass 4,PS3,-,PM5 (p.G2793E),-,-,PP3,PM2_Supporting,-,VUS,Pathogenic,No Conflict VUS,-,-,-,No
p.Gly2812Glu,p.G2812E,2.44,2.29,2.62,Previously Published,Yes,50,-,-,-,-,-,-,-,BS3,-,-,-,-,PP3,PM2_Supporting,-,VUS,VUS,Conflicting LB/B,-,-,-,No
p.Gly2813Glu,p.G2813E,3.16,2.87,3.48,Previously Published,-,-,-,-,-,fClass 3,fClass 2,fClass 3,fClass 3,BS3,-,-,-,-,PP3,PM2_Supporting,-,VUS,VUS,No Conflict VUS,-,-,-,No
p.Gly2816Asp,p.G2816D,4.19,3.76,4.66,Previously Published,-,-,-,-,-,-,-,-,-,BS3,-,-,-,-,inconclusive,PM2_Supporting,-,VUS,LB,No Conflict VUS,-,-,-,No
p.Gly2901Asp,p.G2901D,4.25,3.65,4.93,Previously Published,-,-,-,-,Yes,-,-,-,-,BS3,-,-,-,-,inconclusive,BS1 (.02% EAS),-,VUS,LB,Conflicting LB/B,-,-,-,No
p.Gly2901Val,p.G2901V,4.21,3.72,4.75,Novel,-,-,-,-,-,fClass 2,fClass 2,fClass 3,fClass 3,BS3,-,-,-,-,inconclusive,PM2_Supporting,-,VUS,LB,No Conflict VUS,-,-,-,No
p.Gly3003Glu,p.G3003E,1.35,1.16,1.57,Previously Published,-,-,-,-,-,-,-,-,-,PS3,-,-,-,-,inconclusive,PM2_Supporting,-,VUS,VUS,No Conflict VUS,-,-,-,No
p.Gly3076Glu,p.G3076E,1.04,0.92,1.18,Previously Published,-,-,-,-,-,fClass 5,fClass 5,fClass 5,fClass 4,PS3,PM1,-,-,-,PP3,PM2_Supporting,-,VUS,Pathogenic,Conflicting LP/P,-,-,-,No
p.Gly3076Arg,p.G3076R,1.03,0.89,1.21,Previously Published,-,-,-,-,-,-,-,-,-,PS3,-,-,-,-,-,-,-,Not observed,Not observed,Absent,-,-,-,No
p.Gly3076Val,p.G3076V,1.16,1.05,1.30,Previously Published,-,-,-,-,-,-,-,-,-,PS3,PM1,PM5 (p.G3076E),-,-,inconclusive,PM2_Supporting,-,LP,Pathogenic,Excluded,-,-,-,LP/P
p.His2623Arg,p.H2623R,0.83,0.76,0.92,Previously Published,-,-,-,-,-,fClass 4,fClass 5,fClass 4,fClass 4,PS3,PM1,-,PP1,-,PP3,PM2_Supporting,-,LP,Pathogenic,Conflicting LP/P,-,-,-,LP/P
p.His2623Tyr,p.H2623Y,1.15,0.99,1.35,Previously Published,-,-,-,-,-,-,-,-,-,PS3,-,PM5 (p.H2623R),-,-,inconclusive,PM2_Supporting,-,VUS,LP,No Conflict VUS,-,-,-,No
p.Ile2490Thr,p.I2490T,4.48,3.96,5.06,Previously Published,-,-,-,-,-,-,-,-,-,BS3,-,-,-,BP2,BP4,BA1 (8.00% LAT),BP5,Benign,Benign,No Conflict LB/B,-,-,-,LB/B
p.Ile2495Thr,p.I2495T,3.59,3.08,4.18,Previously Published,Yes,58,-,-,-,-,-,-,-,BS3,-,-,-,-,inconclusive,-,-,VUS,LB,Conflicting LB/B,-,-,-,No
p.Ile2521Thr,p.I2521T,4.09,3.51,4.75,Previously Published,-,-,-,-,-,-,-,-,-,BS3,-,-,-,-,inconclusive,PM2_Supporting,-,VUS,LB,Excluded,-,-,Likely Benign,LB/B
p.Ile2627Phe,p.I2627F,1.01,0.87,1.18,Previously Published,No,N/A,-,-,-,fClass 5,fClass 5,fClass 5,fClass 4,PS3,-,-,-,-,inconclusive,PM2_Supporting,-,VUS,LP,No Conflict LP/P,Class 5,Causality,-,LP/P
p.Ile2627Asn,p.I2627N,1.16,1.03,1.32,Novel,-,-,-,-,-,-,-,-,-,PS3,-,PM5 (p.I2627F),-,-,inconclusive,PM2_Supporting,-,VUS,LP,Excluded,-,-,-,No
p.Ile2627Val,p.I2627V,3.77,3.23,4.38,Novel,-,-,-,-,-,fClass 3,fClass 2,fClass 3,fClass 3,BS3,-,PM5 (p.I2627F),-,-,BP4,PM2_Supporting,-,VUS,VUS,Excluded,-,-,-,No
p.Ile2672Val,p.I2672V,4.37,4.06,4.72,Previously Published,-,-,-,-,-,-,-,-,-,BS3,-,-,-,-,BP4,-,-,VUS,LB,Conflicting LB/B,-,-,Uncertain,No
p.Ile2751Ser,p.I2751S,1.04,0.90,1.21,Novel,-,-,-,-,-,-,-,-,-,PS3,-,-,-,-,inconclusive,PM2_Supporting,-,VUS,VUS,No Conflict VUS,-,-,-,No
p.Ile2821Thr,p.I2821T,3.76,3.23,4.37,Previously Published,-,-,-,-,-,-,-,-,-,BS3,-,-,-,-,BP4,PM2_Supporting,-,VUS,LB,Excluded,-,-,-,No
p.Ile2822Phe,p.I2822F,2.58,2.29,2.93,Novel,-,-,-,-,-,-,-,-,-,BS3,-,-,-,-,BP4,PM2_Supporting,-,VUS,LB,Excluded,-,-,-,No
p.Ile2944Phe,p.I2944F,4.71,4.04,5.48,Previously Published,-,-,Yes,No effect,-,fClass 1,fClass 1,fClass 1,fClass 1,BS3,-,-,-,BP2,BP4,BA1 (3.59% AFR),BP5,Benign,Benign,No Conflict LB/B,-,-,-,LB/B
p.Ile3107Thr,p.I3107T,5.61,4.96,6.34,Previously Published,-,-,-,-,-,-,-,-,-,BS3,-,-,-,-,BP4,PM2_Supporting,-,VUS,LB,Excluded,-,-,-,No
p.Lys2630Gln,p.K2630Q,0.98,0.85,1.15,Previously Published,-,-,-,-,-,-,-,-,-,PS3,-,-,-,-,-,-,-,Not observed,Not observed,Absent,-,-,-,No
p.Lys2657Thr,p.K2657T,1.05,0.93,1.19,Novel,-,-,-,-,-,-,-,-,-,PS3,-,-,-,-,inconclusive,PM2_Supporting,-,VUS,VUS,Excluded,-,-,-,No
p.Lys2729Asn,p.K2729N,3.86,3.51,4.26,Previously Published,Yes,70,-,-,-,fClass 2,fClass 2,fClass 2,fClass 2,BS3,-,-,-,BP2,BP4,BA1 (0.59% EAS),-,Benign,Benign,No Conflict LB/B,Class 1,Neutrality,-,LB/B
p.Lys2849Glu,p.K2849E,4.56,3.92,5.29,Previously Published,-,-,-,-,-,-,-,-,-,BS3,-,-,-,-,BP4,-,-,VUS,LB,Conflicting LB/B,-,-,-,No
p.Lys2950Asn,p.K2950N,5.41,4.66,6.28,Previously Published,-,-,-,-,-,-,-,-,-,BS3,-,-,-,-,BP4,BS1 (.021% NFE),BP5,VLB,Benign,Conflicting LB/B,Class 2,Neutrality,-,LB/B
p.Lys3179Glu,p.K3179E,4.46,3.84,5.19,Previously Published,-,-,-,-,-,-,-,-,-,BS3,-,-,-,-,-,-,-,Not observed,Not observed,Absent,-,-,-,No
p.Leu2484His,p.L2484H,3.78,3.25,4.40,Previously Published,-,-,-,-,-,-,-,-,-,BS3,-,-,-,-,-,-,-,Not observed,Not observed,Absent,-,-,-,No
p.Leu2510Pro,p.L2510P,1.06,0.91,1.24,Previously Published,-,-,-,-,-,fClass 5,fClass 5,fClass 5,fClass 4,PS3,PM1_Supporting,-,-,"PM3_Strong8, 10",PP3,PM2_Supporting,-,LP,Pathogenic,No Conflict LP/P,-,-,-,LP/P
p.Leu2587Phe,p.L2587F,3.77,3.39,4.19,Previously Published,-,-,-,-,-,-,-,-,-,BS3,-,-,-,-,Inconclusive,-,-,VUS,LB,Conflicting LB/B,-,-,-,No
p.Leu2604Pro,p.L2604P,0.98,0.84,1.14,Novel,-,-,-,-,-,fClass 4,fClass 5,fClass 5,fClass 4,PS3,PM1,-,-,-,PP3,PM2_Supporting,-,VUS,Pathogenic,No Conflict VUS,-,-,-,No
p.Leu2647Pro,p.L2647P,1.00,0.88,1.13,Previously Published,No,N/A,-,-,-,fClass 5,fClass 5,fClass 5,fClass 4,PS3,-,-,PP1_Moderate,-,PP3,PM2_Supporting,-,VUS,Pathogenic,Conflicting LP/P,Class 4,-,-,LP/P
p.Leu2653Pro,p.L2653P,0.92,0.79,1.07,Previously Published,No,N/A,"Yes, but reduced",90% reduction,-,fClass 5,fClass 5,fClass 5,fClass 5,PS3,-,-,-,-,inconclusive,PM2_Supporting,-,VUS,LP,No Conflict LP/P,Class 5,Causality,-,LP/P
p.Leu2654Arg,p.L2654R,3.77,3.24,4.39,Previously Published,-,-,-,-,-,-,-,-,-,BS3,-,-,-,-,-,-,-,Not observed,Not observed,Absent,-,-,-,No
p.Leu2656Pro,p.L2656P,1.12,0.97,1.31,Previously Published,-,-,-,-,-,-,-,-,-,PS3,-,-,-,-,-,-,-,Not observed,Not observed,Excluded,-,-,-,No
p.Leu2686Pro,p.L2686P,0.86,0.76,0.97,Previously Published,No,N/A,-,-,-,fClass 5,fClass 5,fClass 5,fClass 4,PS3,PM1,-,-,PM3_Strong9,inconclusive,PM2_Supporting,-,LP,Pathogenic,No Conflict LP/P,-,-,-,LP/P
p.Leu2688Pro,p.L2688P,1.00,0.88,1.13,Previously Published,No,N/A,-,-,-,fClass 5,fClass 5,fClass 4,fClass 4,PS3,-,-,PP1_Moderate,-,PP3,PM2_Supporting,-,VUS,Pathogenic,Conflicting LP/P,Class 4,-,-,LP/P
p.Leu2721His,p.L2721H,0.92,0.79,1.07,Previously Published,No,N/A,-,-,-,fClass 4,fClass 5,fClass 4,fClass 4,PS3,PM1,-,-,-,inconclusive,PM2_Supporting,-,VUS,LP,No Conflict VUS,-,-,-,No
p.Leu2745Val,p.L2745V,3.35,2.96,3.79,Previously Published,-,-,-,-,-,fClass 1,fClass 1,fClass 1,fClass 1,BS3,-,-,-,-,BP4,PM2_Supporting,-,VUS,LB,No Conflict VUS,-,-,-,No
p.Leu2753Pro,p.L2753P,1.01,0.92,1.11,Novel,-,-,-,-,-,-,-,-,-,PS3,-,-,-,-,BP4,PM2_Supporting,-,VUS,VUS,Excluded,-,-,-,No
p.Leu2768His,p.L2768H,3.40,2.92,3.95,Previously Published,-,-,-,-,-,-,-,-,-,BS3,-,-,-,-,inconclusive,PM2_Supporting,-,VUS,LB,No Conflict VUS,-,-,-,No
p.Leu2768Pro,p.L2768P,3.93,3.38,4.57,Previously Published,-,-,-,-,-,-,-,-,-,BS3,-,-,-,-,inconclusive,PM2_Supporting,-,VUS,LB,Absent,-,-,-,No
p.Leu2774Arg,p.L2774R,4.41,3.78,5.13,Novel,-,-,-,-,-,-,-,-,-,BS3,-,-,-,-,inconclusive,PM2_Supporting,-,VUS,LB,No Conflict VUS,-,-,-,No
p.Leu2792Arg,p.L2792R,1.07,0.92,1.24,Novel,-,-,-,-,-,-,-,-,-,PS3,-,-,-,-,PP3,PM2_Supporting,-,VUS,LP,Excluded,-,-,-,No
p.Leu2865Val,p.L2865V,4.45,3.83,5.17,Previously Published,-,-,-,-,-,fClass 1,fClass 1,fClass 2,fClass 1,BS3,-,-,-,-,inconclusive,PM2_Supporting,-,VUS,LB,Excluded,-,-,-,No
p.Leu2898Ser,p.L2898S,3.21,2.76,3.73,Previously Published,-,-,-,-,-,-,-,-,-,BS3,-,-,-,-,-,-,-,Not observed,Not observed,Absent,-,-,-,No
p.Leu2929Trp,p.L2929W,3.85,3.40,4.36,Previously Published,-,-,-,-,-,-,-,-,-,BS3,-,-,-,-,-,-,-,Not observed,Not observed,No Conflict LB/B,-,-,-,No
p.Leu3101Arg,p.L3101R,1.15,1.02,1.30,Novel,-,-,-,-,-,fClass 5,fClass 5,fClass 5,fClass 4,PS3,PM1,-,PP1,PM3_Strong (personal communication),inconclusive,PM2_Supporting,-,Pathogenic,Pathogenic,Conflicting LP/P,-,-,-,LP/P
p.Leu3125Phe,p.L3125F,1.08,0.93,1.26,Previously Published,-,-,-,-,-,-,-,-,-,PS3,-,-,-,-,-,-,-,Not observed,Not observed,Excluded,-,-,-,No
p.Leu3125His,p.L3125H,0.96,0.83,1.12,Previously Published,-,-,-,-,-,-,-,-,-,PS3,-,-,-,-,-,-,-,Not observed,Not observed,Excluded,-,-,-,No
p.Leu3125Arg,p.L3125R,0.91,0.78,1.06,Previously Published,-,-,-,-,-,-,-,-,-,PS3,-,-,-,-,-,-,-,Not observed,Not observed,Absent,-,-,-,No
p.Leu3180Pro,p.L3180P,1.37,1.18,1.59,Previously Published,-,-,-,-,-,-,-,-,-,PS3,-,-,-,-,-,-,-,Not observed,Not observed,No Conflict VUS,-,-,-,No
p.Leu3180Arg,p.L3180R,2.93,2.52,3.41,Previously Published,-,-,-,-,-,-,-,-,-,BS3,-,-,-,-,-,-,-,Not observed,Not observed,No Conflict VUS,-,-,-,No
p.Met2634Thr,p.M2634T,3.72,3.28,4.21,Novel,-,-,-,-,-,-,-,-,-,BS3,-,-,-,-,inconclusive,PM2_Supporting,-,VUS,LB,Excluded,-,-,-,No
p.Met2676Thr,p.M2676T,5.66,4.86,6.57,Previously Published,-,-,-,-,-,fClass 1,fClass 1,fClass 1,fClass 1,BS3,-,-,-,-,BP4,-,-,VUS,LB,No Conflict LB/B,Class 2,-,-,LB/B
p.Asn2622Asp,p.N2622D,1.20,1.07,1.36,Previously Published,-,-,-,-,-,-,-,-,-,PS3,-,-,-,-,-,-,-,Not observed,Not observed,No Conflict VUS,-,-,-,No
p.Asn2622Ser,p.N2622S,1.40,1.26,1.56,Previously Published,-,-,-,-,-,fClass 4,fClass 5,fClass 4,fClass 4,PS3,-,-,-,-,Inconclusive,BS1 (.020% AFR),-,VUS,VUS,No Conflict VUS,-,-,-,No
p.Asn2781Ile,p.N2781I,1.02,0.90,1.15,Previously Published,-,-,-,-,-,-,-,-,-,PS3,PM1_Supporting,-,-,-,inconclusive,PM2_Supporting,-,VUS,LP,No Conflict VUS,-,-,Uncertain,No
p.Asn3124His,p.N3124H,3.95,3.55,4.40,Novel,-,-,-,-,-,-,-,-,-,BS3,PM1,-,-,-,BP4,PM2_Supporting,-,VUS,VUS,Absent,-,-,-,No
p.Asn3124Ile,p.N3124I,0.99,0.89,1.11,Previously Published,No,N/A,No,N/A,-,fClass 4,fClass 5,fClass 5,fClass 4,PS3,PM1,-,-,-,Inconclusive,PM2_Supporting,-,VUS,Pathogenic,No Conflict LP/P,Class 4,-,Pathogenic,LP/P
p.Asn3187Lys,p.N3187K,4.60,4.07,5.20,Novel,-,-,-,-,-,fClass 1,fClass 1,fClass 1,fClass 1,BS3,-,-,-,-,BP4,PM2_Supporting,-,VUS,LB,Excluded,-,-,-,No
p.Pro2589His,p.P2589H,3.77,3.24,4.38,Previously Published,Yes,52,-,-,-,-,-,-,-,BS3,-,-,-,-,Inconclusive,-,-,VUS,LB,No Conflict VUS,Class 2,-,-,LB/B
p.Pro2608Ala,p.P2608A,3.47,3.16,3.82,Previously Published,-,-,-,-,-,-,-,-,-,BS3,-,-,-,-,inconclusive,PM2_Supporting,-,VUS,LB,No Conflict VUS,-,-,-,No
p.Pro2608Gln,p.P2608Q,3.75,3.22,4.36,Previously Published,-,-,-,-,-,-,-,-,-,BS3,-,-,-,-,-,-,-,Not observed,Not observed,No Conflict VUS,-,-,-,No
p.Pro2639Ala,p.P2639A,3.98,3.51,4.50,Previously Published,-,-,-,-,-,-,-,-,-,BS3,-,-,-,-,inconclusive,PM2_Supporting,-,VUS,LB,No Conflict VUS,-,-,-,No
p.Pro2639Leu,p.P2639L,2.88,2.48,3.35,Previously Published,-,-,-,-,-,fClass 3,fClass 3,fClass 3,fClass 3,BS3,-,-,-,-,inconclusive,-,-,VUS,LB,Conflicting LB/B,-,-,-,No
p.Pro2767Ser,p.P2767S,3.05,2.69,3.45,Novel,-,-,-,-,-,-,-,-,-,BS3,-,-,-,-,inconclusive,PM2_Supporting,-,VUS,LB,No Conflict VUS,-,-,-,No
p.Pro2798Leu,p.P2798L,4.16,3.68,4.70,Previously Published,-,-,-,-,-,-,-,-,-,BS3,-,-,-,-,-,-,-,Not observed,Not observed,Excluded,-,-,-,No
p.Pro2800His,p.P2800H,2.86,2.46,3.32,Previously Published,-,-,-,-,-,-,-,-,-,BS3,-,-,-,-,-,-,-,Not observed,Not observed,Absent,-,-,-,No
p.Pro2800Ser,p.P2800S,3.86,3.32,4.49,Previously Published,-,-,-,-,-,-,-,-,-,BS3,-,-,-,-,inconclusive,PM2_Supporting,-,VUS,LB,No Conflict VUS,-,-,-,No
p.Pro2827Ser,p.P2827S,4.61,3.96,5.36,Novel,-,-,-,-,-,-,-,-,-,BS3,-,-,-,-,inconclusive,PM2_Supporting,-,VUS,LB,Excluded,-,-,-,No
p.Pro3039Leu,p.P3039L,4.13,3.55,4.80,Previously Published,-,-,-,-,-,-,-,-,-,BS3,-,-,-,BP2,BP4,-,-,VLB,LB,No Conflict LB/B,-,-,Uncertain,LB/B
p.Pro3063Ser,p.P3063S,3.76,3.32,4.26,Previously Published,-,-,-,-,-,-,-,-,-,BS3,-,-,-,-,BP4,-,-,VUS,LB,Conflicting LB/B,Class 2,-,-,LB/B
p.Gln2491Leu,p.Q2491L,3.42,2.93,3.98,Previously Published,-,-,-,-,-,-,-,-,-,BS3,-,-,-,-,-,-,-,Not observed,Not observed,Absent,-,-,-,No
p.Gln2561Pro,p.Q2561P,1.13,1.02,1.26,Previously Published,-,-,-,-,-,-,-,-,-,PS3,-,-,-,-,-,-,-,Not observed,Not observed,Absent,-,-,-,No
p.Gln2858Arg,p.Q2858R,4.81,4.13,5.58,Previously Published,-,-,-,-,-,-,-,-,-,BS3,-,-,-,-,BP4,-,-,VUS,LB,Conflicting LB/B,Class 2,-,Likely Benign,LB/B
p.Gln3026Glu,p.Q3026E,3.06,2.63,3.55,Previously Published,-,-,-,-,-,-,-,-,-,BS3,-,-,-,-,BP4,-,-,VUS,LB,No Conflict VUS,-,-,-,No
p.Gln3126Pro,p.Q3126P,5.33,4.58,6.19,Novel,-,-,-,-,-,fClass 2,fClass 2,fClass 2,fClass 3,BS3,-,-,-,-,inconclusive,PM2_Supporting,-,VUS,LB,Excluded,-,-,-,No
p.Arg2488Gly,p.R2488G,2.92,2.58,3.30,Previously Published,-,-,-,-,-,fClass 1,fClass 1,fClass 1,fClass 1,BS3,-,-,-,-,inconclusive,PM2_Supporting,-,VUS,LB,No Conflict VUS,-,-,-,No
p.Arg2488Ser,p.R2488S,2.96,2.72,3.24,Previously Published,-,-,-,-,-,-,-,-,-,BS3,-,-,-,-,inconclusive,PM2_Supporting,-,VUS,LB,No Conflict VUS,-,-,-,No
p.Arg2494Gln,p.R2494Q,2.79,2.39,3.25,Previously Published,-,-,-,-,-,-,-,-,-,BS3,-,-,-,BP2,BP4,-,-,VLB,LB,Conflicting LB/B,-,-,-,LB/B
p.Arg2502Cys,p.R2502C,5.04,4.32,5.86,Previously Published,-,-,-,-,-,-,-,-,-,BS3,-,-,-,-,BP4_Strong,BA1 (0.27% AFR),BP5,Benign,Benign,Conflicting LB/B,-,Causality,Uncertain,LB/B
p.Arg2520Leu,p.R2520L,4.15,3.56,4.82,Previously Published,-,-,-,-,-,-,-,-,-,BS3,-,-,-,-,inconclusive,PM2_Supporting,-,VUS,LB,No Conflict VUS,-,-,-,No
p.Arg2625Ile,p.R2625I,1.17,1.01,1.37,Previously Published,-,-,-,-,-,-,-,-,-,PS3,-,-,-,-,-,-,-,Not observed,Not observed,No Conflict VUS,-,-,-,No
p.Arg2625Lys,p.R2625K,3.94,3.39,4.59,Previously Published,-,-,-,-,-,-,-,-,-,BS3,-,-,-,-,BP4,PM2_Supporting,-,VUS,LB,No Conflict VUS,-,-,-,No
p.Arg2669Ser,p.R2669S,5.38,4.61,6.24,Novel,-,-,-,-,-,-,-,-,-,BS3,-,-,-,-,inconclusive,PM2_Supporting,-,VUS,LB,No Conflict VUS,-,-,-,No
p.Arg2678Gly,p.R2678G,5.12,4.59,5.70,Previously Published,-,-,-,-,-,fClass 1,fClass 1,fClass 1,fClass 1,BS3,-,-,-,-,BP4,PM2_Supporting,-,VUS,LB,No Conflict VUS,-,-,-,No
p.Arg2784Trp,p.R2784W,1.35,1.16,1.57,Previously Published,Poor,15,-,-,-,fClass 4,fClass 5,fClass 4,fClass 4,PS3,PM1_Supporting,-,PP1,PM3 (personal communication),inconclusive,-,-,VUS,Pathogenic,Conflicting LP/P,-,-,-,No
p.Arg2787Cys,p.R2787C,2.90,2.49,3.38,Previously Published,-,-,-,-,-,-,-,-,-,BS3,-,-,-,-,BP4_Strong,PM2_Supporting,-,VLB,Benign,Conflicting LB/B,-,-,-,LB/B
p.Arg2787His,p.R2787H,3.97,3.41,4.61,Previously Published,Yes,94,-,-,-,-,-,-,-,BS3,-,-,-,-,BP4,-,-,VUS,LB,Conflicting LB/B,Class 2,-,-,LB/B
p.Arg2824Thr,p.R2824T,1.36,1.17,1.58,Previously Published,-,-,-,-,-,-,-,-,-,PS3,-,-,-,-,-,-,-,Not observed,Not observed,Excluded,-,-,-,No
p.Arg2842His,p.R2842H,2.40,2.28,2.53,Previously Published,-,-,-,-,-,fClass 4,fClass 3,fClass 3,fClass 4,BS3,-,-,-,-,inconclusive,BS1 (.025% EAS),BP5,VLB,Benign,No Conflict LB/B,Class 1,Neutrality,-,LB/B
p.Arg2888Cys,p.R2888C,4.57,4.11,5.08,Previously Published,Yes,52,-,-,-,-,-,-,-,BS3,-,-,-,-,BP4,-,-,VUS,Benign,No Conflict LB/B,Class 1,Neutrality,-,LB/B
p.Arg2892Ser,p.R2892S,4.90,4.48,5.34,Previously Published,-,-,-,-,-,-,-,-,-,BS3,-,-,-,-,-,-,-,Not observed,Not observed,Absent,-,-,-,No
p.Arg2973Cys,p.R2973C,3.08,2.77,3.43,Previously Published,Yes,69,-,-,-,-,-,-,-,BS3,-,-,-,-,BP4,-,BP5,VLB,Benign,No Conflict LB/B,Class 1,Neutrality,-,LB/B
p.Arg2973His,p.R2973H,2.83,2.50,3.20,Previously Published,-,-,-,-,-,-,-,-,-,BS3,-,-,-,-,BP4,-,-,VUS,LB,Conflicting LB/B,-,-,Likely Benign,LB/B
p.Arg2991Cys,p.R2991C,4.35,3.74,5.06,Previously Published,-,-,-,-,-,-,-,-,-,BS3,-,-,-,-,BP4,-,-,VUS,LB,No Conflict VUS,-,-,-,No
p.Arg2991His,p.R2991H,3.90,3.43,4.41,Previously Published,-,-,-,-,-,-,-,-,-,BS3,-,-,-,-,BP4,BS1 (.024% LAT),-,VUS,LB,No Conflict LB/B,-,-,-,LB/B
p.Arg3005Ala,p.R3005A,4.53,4.00,5.13,Previously Published,-,-,-,-,-,-,-,-,-,BS3,-,-,-,-,-,-,-,Not observed,Not observed,Absent,-,-,-,No
p.Arg3052Leu,p.R3052L,1.04,0.90,1.21,Novel,-,-,-,-,-,-,-,-,-,PS3,-,PM5 (p.R3052W),-,-,inconclusive,PM2_Supporting,-,VUS,LP,No Conflict VUS,-,-,-,No
p.Arg3052Trp,p.R3052W,0.97,0.87,1.08,Previously Published,No,N/A,-,-,No,fClass 5,fClass 5,fClass 5,fClass 5,PS3,-,-,-,-,inconclusive,-,-,VUS,Pathogenic,No Conflict LP/P,Class 5,-,-,LP/P
p.Arg3128Gln,p.R3128Q,4.72,4.05,5.49,Previously Published,-,-,-,-,-,-,-,-,-,BS3,-,-,-,-,BP4,BS1 (.011% EAS),-,VUS,LB,No Conflict VUS,-,-,-,LB/B
p.Ser2483Asn,p.S2483N,5.09,4.37,5.92,Previously Published,-,-,-,-,-,-,-,-,-,BS3,-,-,-,-,BP4_Strong,-,-,VLB,Benign,Conflicting LB/B,-,-,Likely Benign,LB/B
p.Ser2509Asn,p.S2509N,3.63,3.20,4.10,Previously Published,-,-,-,-,-,fClass 1,fClass 1,fClass 1,fClass 1,BS3,-,-,-,-,-,-,-,Not observed,Not observed,Excluded,-,-,-,No
p.Ser2522Phe,p.S2522F,2.85,2.59,3.14,Previously Published,-,-,-,-,-,-,-,-,-,BS3,-,-,-,-,Inconclusive,-,-,VUS,LB,Conflicting LB/B,-,-,-,No
p.Ser2533Cys,p.S2533C,4.64,3.99,5.39,Previously Published,-,-,-,-,-,-,-,-,-,BS3,-,-,-,-,BP4,-,-,VUS,LB,No Conflict VUS,-,-,Uncertain,No
p.Ser2691Tyr,p.S2691Y,1.37,1.18,1.60,Previously Published,-,-,-,-,-,-,-,-,-,PS3,-,-,-,-,-,-,-,Not observed,Not observed,Absent,-,-,-,No
p.Ser2695Leu,p.S2695L,4.45,3.83,5.17,Novel,-,-,Yes,No effect,-,-,-,-,-,BS3,-,-,-,-,inconclusive,PM2_Supporting,-,VUS,LB,Conflicting LB/B,-,-,-,No
p.Ser2697Asn,p.S2697N,5.39,4.63,6.25,Previously Published,-,-,-,-,-,fClass 2,fClass 1,fClass 2,fClass 1,BS3,-,-,-,-,BP4,BS1 (.011% EAS),-,VLB,Benign,Conflicting LB/B,-,-,Likely Benign,LB/B
p.Ser2704Phe,p.S2704F,4.81,4.13,5.57,Previously Published,Yes,116,-,-,-,-,-,-,-,BS3,-,-,-,BP2,Inconclusive,-,-,VUS,LB,Conflicting LB/B,-,-,-,No
p.Ser2705Arg,p.S2705R,4.66,4.00,5.41,Previously Published,-,-,-,-,-,-,-,-,-,BS3,-,-,-,-,BP4,PM2_Supporting,-,VUS,LB,No Conflict VUS,-,-,-,No
p.Ser2782Asn,p.S2782N,4.99,4.28,5.80,Previously Published,-,-,-,-,-,-,-,-,-,BS3,-,-,-,-,-,-,-,Not observed,Not observed,Absent,-,-,-,No
p.Ser2806Leu,p.S2806L,4.94,4.24,5.74,Novel,-,-,-,-,-,-,-,-,-,BS3,-,-,-,-,inconclusive,-,-,VUS,LB,Conflicting LB/B,-,-,-,No
p.Ser2807Leu,p.S2807L,3.04,2.73,3.38,Previously Published,-,-,-,-,-,-,-,-,-,BS3,-,-,-,-,BP4,BS1 (.016% AFR),-,VLB,Benign,No Conflict VUS,-,-,-,LB/B
p.Ser2810Gly,p.S2810G,4.37,3.76,5.06,Previously Published,-,-,-,-,-,-,-,-,-,BS3,-,-,-,-,BP4,PM2_Supporting,-,VUS,LB,Conflicting LB/B,-,-,Likely Benign,LB/B
p.Ser2835Pro,p.S2835P,5.04,4.45,5.71,Previously Published,-,-,-,-,-,-,-,-,-,BS3,-,-,-,BP2,BP4,BA1 (0.52% AFR),BP5,Benign,Benign,No Conflict LB/B,-,-,Benign,LB/B
p.Ser2988Gly,p.S2988G,3.97,3.42,4.62,Previously Published,-,-,-,-,Yes,-,-,-,-,BS3,-,-,-,-,-,-,-,Not observed,Not observed,Excluded,-,-,-,No
p.Ser3016Ala,p.S3016A,4.49,3.86,5.22,Previously Published,-,-,-,-,-,-,-,-,-,BS3,-,-,-,-,-,-,-,Not observed,Not observed,Absent,-,-,-,No
p.Ser3020Cys,p.S3020C,3.93,3.48,4.45,Previously Published,-,-,-,-,-,-,-,-,-,BS3,-,-,-,-,-,-,-,Not observed,Not observed,Excluded,-,-,-,No
p.Ser3058Gly,p.S3058G,5.21,4.47,6.05,Previously Published,-,-,-,-,-,-,-,-,-,BS3,-,-,-,-,BP4,PM2_Supporting,-,VUS,LB,No Conflict VUS,-,-,-,No
p.Ser3123Gly,p.S3123G,3.72,3.20,4.33,Previously Published,-,-,-,-,-,fClass 1,fClass 1,fClass 1,fClass 1,BS3,-,-,-,-,inconclusive,-,-,VUS,LB,No Conflict VUS,-,-,-,No
p.Ser3123Arg,p.S3123R,4.56,3.91,5.29,Novel,-,-,-,-,-,fClass 1,fClass 1,fClass 1,fClass 1,BS3,-,-,-,-,inconclusive,PM2_Supporting,-,VUS,LB,Excluded,-,-,-,No
p.Thr2515Ile,p.T2515I,4.22,3.84,4.64,Previously Published,Yes,78,-,-,-,fClass 1,fClass 2,fClass 2,fClass 1,BS3,-,-,-,BP2,BP4,BS1 (.065% NFE),-,VLB,Benign,No Conflict LB/B,Class 1,-,-,LB/B
p.Thr2662Met,p.T2662M,3.89,3.34,4.51,Previously Published,-,-,-,-,-,-,-,-,-,BS3,-,-,-,-,BP4_Strong,PM2_Supporting,-,VLB,Benign,Conflicting LB/B,-,-,Uncertain,LB/B
p.Thr2722Ala,p.T2722A,1.39,1.20,1.62,Novel,-,-,-,-,-,-,-,-,-,PS3,-,-,-,-,inconclusive,PM2_Supporting,-,VUS,VUS,Excluded,-,-,-,No
p.Thr2722Ile,p.T2722I,1.24,1.07,1.44,Novel,-,-,-,-,-,-,-,-,-,PS3,-,-,-,-,inconclusive,PM2_Supporting,-,VUS,VUS,No Conflict VUS,-,-,Uncertain,No
p.Thr2722Lys,p.T2722K,1.00,0.86,1.16,Novel,-,-,-,-,-,fClass 4,fClass 5,fClass 5,fClass 4,PS3,PM1,PM5 (p.T2722R),-,-,inconclusive,PM2_Supporting,-,LP,Pathogenic,No Conflict LP/P,-,-,-,LP/P
p.Thr2722Arg,p.T2722R,1.08,0.93,1.26,Previously Published,No,N/A,-,-,-,fClass 5,fClass 5,fClass 5,fClass 4,PS3,PM1,-,-,-,inconclusive,PM2_Supporting,-,VUS,Pathogenic,No Conflict LP/P,Class 5,Causality,-,LP/P
p.Thr3013Ile,p.T3013I,5.90,5.07,6.86,Previously Published,-,-,-,-,-,-,-,-,-,BS3,-,-,-,-,inconclusive,BS1 (.017% NFE),-,VUS,Benign,Conflicting LB/B,-,-,Benign,LB/B
p.Thr3030Ile,p.T3030I,4.21,3.62,4.89,Previously Published,-,-,-,-,-,fClass 1,fClass 1,fClass 1,fClass 1,BS3,-,-,-,-,inconclusive,PM2_Supporting,-,VUS,LB,Excluded,-,-,-,No
p.Val2527Ala,p.V2527A,4.64,3.98,5.40,Novel,-,-,-,-,-,-,-,-,-,BS3,-,-,-,-,inconclusive,PM2_Supporting,-,VUS,LB,No Conflict VUS,-,-,-,No
p.Val2652Gly,p.V2652G,1.14,0.98,1.33,Previously Published,-,-,-,-,-,fClass 5,fClass 5,fClass 5,fClass 4,PS3,-,-,-,-,-,-,-,Not observed,Not observed,No Conflict VUS,-,-,-,No
p.Val2687Phe,p.V2687F,1.14,1.01,1.29,Previously Published,-,-,-,-,-,-,-,-,-,PS3,PM1,-,-,-,inconclusive,PM2_Supporting,-,VUS,LP,No Conflict VUS,-,-,-,No
p.Val2728Ala,p.V2728A,4.49,3.85,5.22,Novel,-,-,-,-,-,-,-,-,-,BS3,-,-,-,-,inconclusive,PM2_Supporting,-,VUS,LB,No Conflict VUS,-,-,-,No
p.Val2728Ile,p.V2728I,5.28,4.67,5.96,Previously Published,-,-,-,-,Yes,-,-,-,-,BS3,-,-,-,BP2,BP4,BA1 (0.28% NFE),BP5,Benign,Benign,No Conflict LB/B,-,-,Benign,LB/B
p.Val2815Ile,p.V2815I,4.53,4.00,5.13,Previously Published,-,-,-,-,-,-,-,-,-,BS3,-,-,-,-,-,-,-,Not observed,Not observed,No Conflict VUS,-,-,-,No
p.Val2908Gly,p.V2908G,2.53,2.35,2.73,Previously Published,-,-,-,-,-,fClass 5,fClass 4,fClass 4,fClass 4,BS3,-,-,-,-,inconclusive,-,-,VUS,LB,No Conflict LB/B,Class 2,Neutrality,-,LB/B
p.Val2966Ala,p.V2966A,2.91,2.64,3.20,Previously Published,Yes,62,-,-,-,fClass 3,fClass 3,fClass 3,fClass 3,BS3,-,-,-,-,inconclusive,PM2_Supporting,-,VUS,LB,No Conflict VUS,-,-,-,No
p.Val2969Met,p.V2969M,3.01,2.70,3.36,Previously Published,-,-,-,-,-,fClass 5,fClass 5,fClass 5,fClass 5,BS3,-,-,-,-,BP4,BS1 (.04% NFE),BP5,VLB,Benign,No Conflict LB/B,Class 1,Neutrality,-,LB/B
p.Val3079Ile,p.V3079I,5.16,4.69,5.67,Previously Published,Yes,97,-,-,-,-,-,-,-,BS3,-,-,-,BP2,BP4,BA1 (0.16% AFR),BP5,Benign,Benign,No Conflict LB/B,Class 1,Neutrality,-,LB/B
p.Val3081Ala,p.V3081A,3.22,2.77,3.75,Previously Published,-,-,-,-,-,-,-,-,-,BS3,-,-,-,-,inconclusive,-,-,VUS,LB,Conflicting LB/B,-,-,Likely Benign,LB/B
p.Val3091Ile,p.V3091I,4.78,4.10,5.55,Previously Published,-,-,-,-,-,-,-,-,-,BS3,-,-,-,-,BP4,PM2_Supporting,-,VUS,LB,Conflicting LB/B,-,-,-,No
p.Trp2619Cys,p.W2619C,1.00,0.89,1.14,Novel,-,-,-,-,-,fClass 4,fClass 5,fClass 4,fClass 4,PS3,-,-,-,-,PP3,PM2_Supporting,-,VUS,LP,No Conflict VUS,-,-,-,No
p.Trp2619Gly,p.W2619G,1.04,0.92,1.18,Novel,-,-,-,-,-,-,-,-,-,PS3,PM1,-,-,-,PP3,PM2_Supporting,-,VUS,Pathogenic,Absent,-,-,-,No
p.Trp2619Ser,p.W2619S,0.97,0.84,1.13,Previously Published,-,-,-,-,-,-,-,-,-,PS3,-,-,-,-,-,-,-,Not observed,Not observed,No Conflict VUS,-,-,-,No
p.Trp2626Arg,p.W2626R,1.09,0.96,1.23,Previously Published,-,-,-,-,-,fClass 3,fClass 5,fClass 3,fClass 4,PS3,PM1,-,-,-,PP3,PM2_Supporting,-,VUS,Pathogenic,Conflicting LP/P,-,-,-,No
p.Trp2725Leu,p.W2725L,1.35,1.16,1.58,Previously Published,-,-,-,-,-,-,-,-,-,PS3,-,-,-,-,-,-,-,Not observed,Not observed,Absent,-,-,-,No
p.Trp2788Arg,p.W2788R,1.05,0.91,1.23,Previously Published,-,-,-,-,-,-,-,-,-,PS3,PM1_Supporting,-,-,-,inconclusive,PM2_Supporting,-,VUS,LP,Excluded,-,-,-,No
p.Trp2788Ser,p.W2788S,1.09,0.98,1.21,Previously Published,-,-,-,-,-,-,-,-,-,PS3,-,PM5 (p.W2788R),-,-,inconclusive,PM2_Supporting,-,VUS,LP,Excluded,-,-,-,No
p.Tyr2601His,p.Y2601H,3.40,2.92,3.95,Previously Published,-,-,-,-,-,-,-,-,-,BS3,-,-,-,-,-,-,-,Not observed,Not observed,Absent,-,-,-,No
p.Tyr2624Cys,p.Y2624C,1.51,1.39,1.64,Previously Published,-,-,-,-,-,-,-,-,-,PS3,PM1_Supporting,-,-,-,PP3,PM2_Supporting,-,VUS,LP,No Conflict VUS,-,-,-,No
p.Tyr2624His,p.Y2624H,1.02,0.88,1.19,Previously Published,-,-,-,-,-,-,-,-,-,PS3,-,-,-,-,-,-,-,Not observed,Not observed,Absent,-,-,-,No
p.Tyr2658Cys,p.Y2658C,3.74,3.21,4.34,Previously Published,-,-,-,-,-,-,-,-,-,BS3,-,-,-,-,-,-,-,Not observed,Not observed,No Conflict VUS,-,-,-,No
p.Tyr2658His,p.Y2658H,3.60,3.18,4.07,Novel,-,-,-,-,-,-,-,-,-,BS3,PM1,-,-,-,inconclusive,PM2_Supporting,-,VUS,VUS,No Conflict VUS,-,-,-,No
p.Tyr2660Asp,p.Y2660D,1.17,1.05,1.30,Previously Published,No,N/A,-,-,-,fClass 5,fClass 5,fClass 5,fClass 4,PS3,-,-,-,-,-,-,-,Not observed,Not observed,No Conflict LP/P,-,-,-,No
p.Tyr2726Cys,p.Y2726C,1.36,1.20,1.54,Previously Published,-,-,-,-,-,-,-,-,-,PS3,PM1,-,-,-,PP3,PM2_Supporting,-,VUS,Pathogenic,Excluded,-,-,-,No
p.Tyr3006Asp,p.Y3006D,1.06,0.96,1.18,Novel,-,-,-,-,-,fClass 4,fClass 4,fClass 4,fClass 4,PS3,-,-,-,-,inconclusive,PM2_Supporting,-,VUS,VUS,No Conflict VUS,-,-,-,No
p.Tyr3035Cys,p.Y3035C,4.16,3.57,4.83,Previously Published,-,-,-,-,-,fClass 1,fClass 1,fClass 1,fClass 1,BS3,-,-,-,-,inconclusive,-,-,VUS,LB,No Conflict VUS,-,-,-,No
p.Tyr3035Ser,p.Y3035S,2.51,2.29,2.76,Previously Published,Yes,50,-,-,-,fClass 2,fClass 1,fClass 2,fClass 2,BS3,PM1_Supporting,-,PP1_Moderate,-,inconclusive,-,-,VUS,LB,Conflicting LB/B,-,-,Likely Benign,LB/B
p.Tyr3092Cys,p.Y3092C,3.62,3.11,4.22,Previously Published,-,-,-,-,-,-,-,-,-,BS3,-,-,-,-,inconclusive,-,-,VUS,LB,No Conflict LB/B,Class 2,Neutrality,Likely Benign,LB/B
p.Tyr3098His,p.Y3098H,5.31,4.95,5.68,Previously Published,Yes,86,-,-,-,fClass 1,fClass 1,fClass 2,fClass 2,BS3,-,-,-,-,BP4,BS1 (.075% LAT),BP5,VLB,Benign,No Conflict LB/B,Class 1,Neutrality,-,LB/B
a Previous studies include References 10-12,,,,,,,,,,,,,,,,,,,,,,,,,,,,,
b PM5 use is dependent on additional predictive data indicating the variant in-question will be worse than the original pathogenic variant (e.g. Grantham score or fold energy change),,,,,,,,,,,,,,,,,,,,,,,,,,,,,
"c Confirmed phenotype, Confirmed trans (PM3_Strong per each); Confirmed phenotype, Presumed trans (PM3 per each); Consistent phenotype, Confirmed trans (PM3 per each)",,,,,,,,,,,,,,,,,,,,,,,,,,,,,
d Bayesdel BRCA2-specific thresholds established as per Tian et al 201911 and modified based on continued internal calibrations: <.0560 is tolerated; >.4310 (deleterious); Non SNV variants were ascertained with Provean and those scoring below the internal threshold of -6 were considered deleterious,,,,,,,,,,,,,,,,,,,,,,,,,,,,,
e BP4 is upgraded to BP4_Strong based on a stringent internal threshold for conservation based on an extensive multiple sequence alignment ,,,,,,,,,,,,,,,,,,,,,,,,,,,,,
f Cutoffs for BRCA2 for BA1 is .1% and BS1 is .01%. Application of these codes is based on Filtering Allele Frequency (FAF) in GnomAD from January 2020-which ever was more lowest between Genomes and Exomes); PM2_Supporting is based on the presence of â‰¤1 carrier in GnomAD total population (Accessed January 2020),,,,,,,,,,,,,,,,,,,,,,,,,,,,,
g SpliceAI: None-Predicted impact <20%; AL-Native Acceptor Loss; AG-Cryptic Acceptor Gain; DL-Native Donor Loss; DG-Cryptic Donor Gain,,,,,,,,,,,,,,,,,,,,,,,,,,,,,
Red text indicates literature data conflicting with final classification and/or HDR data; Superscript numbers are references,,,,,,,,,,,,,,,,,,,,,,,,,,,,,