Variant,PIF_HAT,PIF_DS,PIF_HAT_DS,Functional_Classification,ClinVar_Status,Location_Domain,Notes
K16R,0.2624,0.0584,0.0258,Functional,,Outside_DBD,
P168T,0.0026,0.2426,0,Functional,Benign,Outside_DBD,Known benign control
K169R,0.0148,0.4618,0.0038,Functional,,Outside_DBD,
V220Ifs,1,1,1,Nonfunctional,,Outside_DBD,Negative control frameshift
F266L,0.0864,0.2936,0.0438,Functional,,Outside_DBD,
N277K,0.0018,0.0854,0,Functional,,Outside_DBD,
L452V,0.0024,0.0594,0,Functional,,Outside_DBD,
T598A,0.0008,0.0342,0,Functional,,Outside_DBD,
T598I,0.0036,0.1472,0,Functional,,Outside_DBD,
G637=,0.1164,0.0312,0.0002,Functional,,Outside_DBD,Silent/synonymous
Q742X,1,NA,1,Nonfunctional,Pathogenic,Outside_DBD,Known pathogenic nonsense
S869L,0.0078,0.0330,0,Functional,,Outside_DBD,
N986S,0.0074,0.0460,0,Functional,,Outside_DBD,
N986I,0.0024,0.1616,0,Functional,,Outside_DBD,
M1300I+1301Tdel,0.0076,0.0504,0,Functional,,Outside_DBD,
T1302del,0.0076,0.6654,0.0132,Functional,,Outside_DBD,
E1308X,1,NA,1,Nonfunctional,Pathogenic,Outside_DBD,Known pathogenic nonsense
S1479T,0.0010,0.0654,0,Functional,,Outside_DBD,
F1524V,0,0.0436,0,Functional,Benign,Outside_DBD,Known benign control
G1529R,0.0176,0.1146,0,Functional,Benign,Outside_DBD,Known benign control
T1624A,0.0110,0.9554,0.0518,Indeterminate,,Outside_DBD,
V1643A,0.0032,0.0710,0,Functional,,Outside_DBD,
D1781N,0.1906,0.0478,0.0038,Functional,,Outside_DBD,
D1781G,0.0090,0.1744,0,Functional,,Outside_DBD,
N1880K,0.0086,0.0892,0.0052,Functional,,Outside_DBD,
S1882X,1,NA,1,Nonfunctional,,Outside_DBD,Nonsense
K1883N,0.0074,0.0458,0,Functional,,Outside_DBD,
I1884T,0.0386,0.7680,0.1540,Indeterminate,,Outside_DBD,
S1926Rfs,1,NA,1,Nonfunctional,,Outside_DBD,Frameshift
H1996Y,0.0024,0.0428,0,Functional,,Outside_DBD,
L2106P,0.0084,0.1610,0,Functional,,Outside_DBD,
S2152Y,0.0636,0.2396,0.0272,Functional,,Outside_DBD,
G2281V,0.0150,0.0422,0.0008,Functional,,Outside_DBD,Near splice site
D2312V,0.0010,0.2830,0,Functional,Benign,Outside_DBD,Known benign control
D2312E,0.0022,0.0374,0.0002,Functional,,Outside_DBD,
R2336L,0.1960,0.7516,0.3642,Indeterminate,,DBD,Splice site variant
R2336P,0.9684,0.9770,0.9990,Nonfunctional,,DBD,Splice site variant
K2411T,0.0058,0.1364,0.0002,Functional,Benign,DBD,Known benign control
S2483G,0.0440,0.1100,0,Functional,,DBD,
S2483N,0.0038,0.1072,0,Functional,,DBD,
R2488Rfs,1,NA,1,Nonfunctional,,DBD,Frameshift
R2488K,0.0096,0.2200,0.0048,Functional,,DBD,
R2488S,0.0022,0.0590,0,Functional,,DBD,
D2489G,1,0.1672,1,Nonfunctional,,DBD,
Q2561P,1,NA,1,Nonfunctional,,DBD,
F2562L,1,NA,1,Nonfunctional,,DBD,
G2585R,1,NA,1,Nonfunctional,,DBD,
L2587F,0.0020,0.0454,0,Functional,,DBD,
G2596R,1,NA,1,Nonfunctional,,DBD,
G2596E,1,NA,1,Nonfunctional,,DBD,
D2611G,1,NA,1,Nonfunctional,,DBD,
N2622S,0.0192,0.3164,0.0020,Functional,,DBD,
H2623R,1,NA,1,Nonfunctional,,DBD,
K2630Q,1,NA,1,Nonfunctional,,DBD,
L2647P,1,NA,1,Nonfunctional,,DBD,
R2659G,1,NA,1,Nonfunctional,,DBD,Near splice site
R2659K,1,NA,1,Nonfunctional,,DBD,Near splice site
R2659T,1,NA,1,Nonfunctional,,DBD,Near splice site
S2670L,1,NA,1,Nonfunctional,,DBD,
T2681R,0.0028,0.1666,0,Functional,,DBD,
L2686P,1,NA,1,Nonfunctional,,DBD,
L2688P,1,NA,1,Nonfunctional,,DBD,
S2691F,1,NA,1,Nonfunctional,,DBD,
T2708Nfs,1,0.9950,1,Nonfunctional,,DBD,Frameshift
L2721H,1,NA,1,Nonfunctional,,DBD,
D2723A,1,NA,1,Nonfunctional,,DBD,
D2723V,1,NA,1,Nonfunctional,,DBD,
Y2726C,1,NA,1,Nonfunctional,,DBD,
V2728I,0.0148,0.8716,0.1034,Indeterminate,,DBD,
V2739I,0.0302,0.0506,0,Functional,,DBD,
L2740X,1,NA,1,Nonfunctional,Pathogenic,DBD,Known pathogenic nonsense
R2784W,0.9952,0.9724,0.9998,Nonfunctional,,DBD,
A2786P,1,NA,1,Nonfunctional,,DBD,
W2788S,0.0516,0.9976,0.9444,Indeterminate,,DBD,
G2793R,1,NA,1,Nonfunctional,,DBD,
Q2829X,1,NA,1,Nonfunctional,,DBD,Nonsense near splice site
Q2829L,1,NA,1,Nonfunctional,,DBD,Near splice site
Q2829R,1,NA,1,Nonfunctional,,DBD,Near splice site
P3063S,0.1998,0.1978,0.1278,Indeterminate,,C-terminal,
D3064N,0.0004,0.0566,0,Functional,,C-terminal,
D3064Y,0.0100,0.0688,0,Functional,,C-terminal,
F3065L,0.0236,0.0448,0.0006,Functional,,C-terminal,
Q3066E,0.0152,0.0336,0.0004,Functional,,C-terminal,
C3069X,1,0.9924,1,Nonfunctional,Pathogenic,C-terminal,Known pathogenic nonsense
D3073G,0.8888,0.9996,0.9966,Nonfunctional,Pathogenic,C-terminal,Known pathogenic missense
Y3225Ifs,1,NA,1,Nonfunctional,,C-terminal,Frameshift
C3233Wfs,0.9996,0.9744,1,Nonfunctional,,C-terminal,Frameshift with special interpretation
Y3308X,1,0.9392,1,Nonfunctional,,C-terminal,Nonsense
