HGVS_Amino_Acid,HGVS_cDNA,IARC_Class,HDR_FC,HDR_SE,HDR_p_path,HDR_p_neu,HDR_Annotation,Align_GVGD_Class,Align_GVGD_Prior,Align_GVGD_95CI,VarCall_PrDel,VarCall_logBF,VarCall_Classification
p.Gly2748Asp,c.8243G>A,class 5,0.68,±0.07,1.000,2.96E-12,deleterious,C65,0.81,0.61–0.95,1.000,Inf,pathogenic
p.Leu2686Pro,c.8057T>C,–,0.72,±0.04,1.000,9.48E-12,deleterious,C45,0.66,0.34–0.93,0.994,4.407,pathogenic
p.Leu2653Pro,c.7958T>C,class 5,0.75,±0.08,1.000,3.39E-11,deleterious,C65,0.81,0.61–0.95,1.000,Inf,pathogenic
p.Arg3052Trp,c.9154C>T,class 5,0.86,±0.09,0.990,9.33E-10,deleterious,C65,0.81,0.61–0.95,1.000,Inf,pathogenic
p.Leu2721His,c.8162T>A,–,0.88,±0.10,1.000,1.70E-09,deleterious,C25,0.29,0.09–0.56,0.994,6.069,pathogenic
p.Arg2784Trp,c.8350C>T,class 3,0.91,±0.10,1.000,3.88E-09,deleterious,C65,0.81,0.61–0.95,1.000,4.730,pathogenic
p.Ala2603Pro,c.7807G>C,–,0.92,±0.6,1.000,4.78E-09,deleterious,C25,0.29,0.09–0.56,0.995,6.233,pathogenic
p.Asn3124Ile,c.9371A>T,class 4,0.92,±0.10,0.990,4.65E-09,deleterious,C65,0.81,0.61–0.95,1.000,Inf,pathogenic
p.Ser2670Leu,c.8009C>T,–,0.93,±0.07,1.000,6.19E-09,deleterious,C15,0.29,0.09–0.56,0.990,5.960,pathogenic
p.Leu2647Pro,c.7940T>C,class 4,0.93,±0.10,0.990,5.79E-09,deleterious,C65,0.81,0.61–0.95,1.000,Inf,pathogenic
p.Phe2562Leu,c.7684T>C,–,0.94,±0.05,1.000,8.20E-09,deleterious,C15,0.29,0.09–0.56,0.992,5.684,pathogenic
p.Gly3076Glu,c.9227G>A,–,0.95,±0.10,1.000,1.01E-08,deleterious,C65,0.81,0.61–0.95,0.998,4.966,pathogenic
p.Leu3125His,c.9374T>A,–,0.96,±0.07,1.000,1.36E-08,deleterious,C65,0.81,0.61–0.95,0.998,5.049,pathogenic
p.Lys2630Gln,c.7888A>C,–,0.98,±0.08,1.000,2.49E-08,deleterious,C45,0.66,0.61–0.95,0.972,2.868,pathogenic
p.Leu2510Pro,c.7529T>C,–,0.98,±0.11,1.000,2.61E-08,deleterious,C65,0.81,0.34–0.93,0.997,4.251,pathogenic
p.His2623Arg,c.7868A>G,–,1.00,±0.04,1.000,3.59E-08,deleterious,C25,0.29,0.09–0.56,0.995,6.172,pathogenic
p.Asp2723His,c.8167G>C,class 5,1.00,±0.01,0.990,3.81E-08,deleterious,C65,0.81,0.61–0.95,1.000,Inf,pathogenic
p.Ile2627Phe,c.7879A>T,class 5,1.01,±0.08,0.990,4.83E-08,deleterious,C15,0.29,0.09–0.56,1.000,Inf,pathogenic
p.Leu2688Pro,c.8063T>C,class 4,1.02,±0.08,0.990,5.81E-08,deleterious,C65,0.81,0.61–0.95,1.000,Inf,pathogenic
p.Gly3076Val,c.9227G>T,–,1.03,±0.11,1.000,8.07E-08,deleterious,C65,0.81,0.61–0.95,0.997,4.254,pathogenic
p.Gly3076Arg,c.9226G>C,–,1.03,±0.08,1.000,8.66E-08,deleterious,C65,0.81,0.61–0.95,0.999,5.090,pathogenic
p.Asp2723Val,c.8168A>T,–,1.04,±0.08,1.000,1.01E-07,deleterious,C65,0.81,0.61–0.95,0.997,4.363,pathogenic
p.Trp2788Arg,c.8362T>C,–,1.05,±0.08,1.000,1.37E-07,deleterious,C25,0.29,0.09–0.56,0.980,4.680,pathogenic
p.Trp2788Ser,c.8363G>C,–,1.06,±0.08,1.000,1.44E-07,deleterious,C35,0.66,0.61–0.95,0.990,3.970,pathogenic
p.Asp2723Ala,c.8168A>C,–,1.06,±0.11,1.000,1.49E-07,deleterious,C65,0.81,0.34–0.93,0.994,3.653,pathogenic
p.Phe2642Ser,c.7925T>C,–,1.07,±0.08,1.000,2.02E-07,deleterious,C45,0.66,0.61–0.95,0.993,4.351,pathogenic
p.Gly2609Val,c.7826G>T,–,1.07,±0.08,1.000,2.23E-07,deleterious,C65,0.81,0.34–0.93,0.997,4.430,pathogenic
p.Asp3095Glu,c.9285C>G,class 5,1.07,±0.12,0.990,1.89E-07,deleterious,C35,0.66,0.34–0.93,1.000,Inf,pathogenic
p.Thr2722Arg,c.8165C>G,class 5,1.08,±0.08,0.990,2.78E-07,deleterious,C65,0.81,0.61–0.95,1.000,Inf,pathogenic
p.Ser2691Phe,c.8072C>T,–,1.10,±0.06,1.000,4.08E-07,deleterious,C0,0.03,0.00–0.06,0.870,5.350,intermediate
p.Glu3002Lys,c.9004G>A,–,1.10,±0.08,1.000,4.35E-07,deleterious,C55,0.66,0.34–0.93,0.996,4.834,pathogenic
p.Asp2723Gly,c.8168A>G,class 5,1.11,±0.12,0.990,5.19E-07,deleterious,C65,0.81,0.61–0.95,1.000,Inf,pathogenic
p.Gly2596Glu,c.7787G>A,–,1.12,±0.09,1.000,5.77E-07,deleterious,C65,0.81,0.61–0.95,0.995,3.798,pathogenic
p.Gln2561Pro,c.7682A>C,–,1.13,±0.06,1.000,7.80E-07,deleterious,C15,0.29,0.09–0.56,0.986,5.166,pathogenic
p.Trp2626Cys,c.7878G>C,class 5,1.16,±0.13,0.990,1.56E-06,deleterious,C65,0.81,0.61–0.95,1.000,Inf,pathogenic
p.Gly2793Arg,c.8377G>A,–,1.18,±0.09,1.000,2.23E-06,deleterious,C65,0.81,0.61–0.95,0.998,4.833,pathogenic
p.Leu2792Pro,c.8375T>C,–,1.19,±0.09,1.000,3.03E-06,deleterious,C65,0.81,0.61–0.95,0.997,4.537,pathogenic
p.Gly2793Glu,c.8378G>A,–,1.19,±0.07,1.000,2.71E-06,deleterious,C65,0.81,0.61–0.95,0.998,4.913,pathogenic
p.Ala2786Pro,c.8356G>C,–,1.23,±0.09,1.000,5.96E-06,deleterious,C0,0.03,0.00–0.06,0.657,4.128,intermediate
p.Arg2784Gln,c.8351G>A,–,1.27,±0.14,1.000,1.46E-05,deleterious,C35,0.66,0.34–0.93,0.950,2.340,pathogenic
p.Gly2596Arg,c.7786G>C,–,1.28,±0.10,1.000,1.73E-05,deleterious,C65,0.81,0.61–0.95,0.988,2.953,pathogenic
p.Gly2585Arg,c.7753G>A,–,1.30,±0.10,1.000,2.47E-05,deleterious,C65,0.81,0.61–0.95,0.996,4.162,pathogenic
p.Gly3003Glu,c.9008G>A,–,1.33,±0.08,1.000,4.58E-05,deleterious,C65,0.81,0.61–0.95,0.987,2.896,pathogenic
p.Trp2725Leu,c.8174G>T,–,1.35,±0.10,1.000,6.72E-05,deleterious,C55,0.66,0.34–0.93,0.980,3.030,pathogenic
p.Gly2609Asp,c.7826G>A,class 4,1.35,±0.07,0.990,6.19E-05,deleterious,C65,0.81,0.61–0.95,1.000,Inf,pathogenic
p.Lys2498Glu,c.7492A>G,–,1.36,±0.10,1.000,7.99E-05,deleterious,C55,0.66,0.34–0.93,0.946,2.191,intermediate
p.Gln2655Arg,c.7964A>G,–,1.38,±0.09,1.000,1.13E-04,deleterious,C35,0.66,0.34–0.93,0.980,3.225,pathogenic
p.Tyr2726Cys,c.8177A>G,–,1.49,±0.16,0.999,7.87E-04,deleterious,C65,0.81,0.61–0.95,0.940,1.340,intermediate
p.Glu2847Lys,c.8539G>A,–,1.50,±0.12,0.999,9.24E-04,deleterious,C55,0.66,0.34–0.93,0.343,-1.314,intermediate
p.Gln2925Lys,c.8773C>A,–,1.51,±0.12,0.999,1.07E-03,deleterious,C45,0.66,0.34–0.93,0.683,0.104,intermediate
p.Asp3073Gly,c.9218A>G,–,1.52,±0.12,0.999,1.17E-03,deleterious,C65,0.81,0.61–0.95,0.980,2.425,pathogenic
p.Arg2659Gly,c.7975A>G,–,1.57,±0.12,0.997,2.57E-03,deleterious,C65,0.81,0.61–0.95,0.920,0.970,intermediate
p.Asp2611Gly,c.7832A>G,–,1.61,±0.12,0.995,0.005,deleterious,C65,0.81,0.61–0.95,0.879,0.531,intermediate
p.Tyr2660Asp,c.7978T>G,–,1.61,±0.12,0.995,0.005,deleterious,C65,0.81,0.61–0.95,0.910,0.810,intermediate
p.Leu2654Pro,c.7961T>C,–,1.66,±0.18,0.989,0.011,intermediate,C65,0.81,0.61–0.95,0.629,-0.922,intermediate
p.Leu2862Pro,c.8585T>C,–,1.67,±0.13,0.987,0.013,intermediate,C45,0.66,0.34–0.93,0.508,-0.630,intermediate
p.Arg2842Cys,c.8524C>T,–,1.68,±0.10,0.987,0.013,intermediate,C65,0.81,0.61–0.95,0.570,-1.180,intermediate
p.Glu3002Asp,c.9006A>T,–,1.75,±0.13,0.964,0.036,intermediate,C35,0.66,0.34–0.93,0.224,-1.906,intermediate
p.Ala2730Val,c.8189C>T,–,2.00,±0.10,0.480,0.520,intermediate,C0,0.03,0.00–0.06,0.027,-0.124,likely benign
p.Gly2812Glu,c.8435G>A,–,2.03,±0.11,0.390,0.610,intermediate,C65,0.81,0.61–0.95,0.139,-3.274,intermediate
p.Arg3007Gly,c.9019A>G,–,2.06,±0.13,0.320,0.680,intermediate,C45,0.66,0.34–0.93,0.100,-2.830,intermediate
p.Leu3011Pro,c.9032T>C,–,2.08,±0.13,0.270,0.740,intermediate,C25,0.29,0.09–0.56,0.058,-1.889,intermediate
p.Leu2972Trp,c.8915T>G,–,2.12,±0.10,0.190,0.810,intermediate,C15,0.29,0.09–0.56,0.088,-1.444,intermediate
p.Gly2837Glu,c.8510G>A,–,2.12,±0.13,0.180,0.820,intermediate,C65,0.81,0.61–0.95,0.091,-3.746,intermediate
p.Gln2925Arg,c.8774A>G,–,2.19,±0.14,0.091,0.909,intermediate,C35,0.66,0.34–0.93,0.096,-2.908,intermediate
p.Asp2606Gly,c.7817A>G,–,2.20,±0.17,0.082,0.918,intermediate,C65,0.81,0.61–0.95,0.151,-3.177,intermediate
p.Gly2584Asp,c.7751G>A,–,2.27,±0.17,0.038,0.962,likely neutral,C65,0.81,0.61–0.95,0.105,-3.597,intermediate
p.Tyr3092Ser,c.9275A>C,–,2.31,±0.10,0.025,0.975,likely neutral,C65,0.81,0.61–0.95,0.100,-3.690,intermediate
p.Tyr3035Ser,c.9104A>C,–,2.32,±0.10,0.025,0.975,likely neutral,C55,0.66,0.34–0.93,0.060,-3.430,intermediate
p.Arg2842His,c.8525G>A,class 1,2.36,±0.07,0.015,0.985,likely neutral,C25,0.29,0.09–0.56,0.000,-Inf,benign
p.Gln2925His,c.8775G>C,–,2.38,±0.18,0.012,0.988,likely neutral,C15,0.29,0.61–0.95,0.038,-2.335,likely benign
p.Thr3033Ile,c.9098C>T,–,2.38,±0.15,0.013,0.987,likely neutral,C65,0.81,0.09–0.56,0.070,-4.100,intermediate
p.Arg2488Ser,c.7464A>C,–,2.44,±0.19,7.11E-03,0.990,neutral,C35,0.66,0.34–0.93,0.021,-4.519,likely benign
p.Val2652Met,c.7954G>A,–,2.44,±0.11,6.76E-03,0.990,neutral,C15,0.29,0.09–0.56,0.040,-2.290,likely benign
p.Val2908Gly,c.8723T>G,class 2,2.44,±0.10,6.99E-03,0.990,neutral,C35,0.66,0.34–0.93,0.040,-3.980,likely benign
p.Pro2800Arg,c.8399C>G,–,2.46,±0.13,5.63E-03,0.990,neutral,C65,0.81,0.61–0.95,0.082,-3.861,intermediate
p.Arg2842Leu,c.8525G>T,–,2.47,±0.13,5.05E-03,0.990,neutral,C65,0.81,0.61–0.95,0.060,-4.250,intermediate
p.Leu2581Trp,c.7742T>G,–,2.53,±0.12,2.68E-03,0.990,neutral,C55,0.66,0.34–0.93,0.031,-4.091,likely benign
p.Gly2508Ser,c.7522G>A,–,2.56,±0.14,2.01E-03,0.990,neutral,C55,0.66,0.34–0.93,0.016,-4.774,likely benign
p.Pro2800Ser,c.8398C>T,–,2.64,±0.29,9.55E-04,0.990,neutral,C65,0.81,0.61–0.95,0.023,-5.203,likely benign
p.Ser2522Phe,c.7565C>T,–,2.73,±0.17,4.15E-04,1.000,neutral,C25,0.29,0.09–0.56,0.010,-4.040,likely benign
p.Arg2494Gln,c.7481G>A,–,2.89,±0.18,1.07E-04,1.000,neutral,C35,0.66,0.34–0.93,0.020,-4.820,likely benign
p.Arg2973Cys,c.8917C>T,class 1,2.90,±0.22,9.53E-05,0.990,neutral,C0,0.03,0.00–0.06,0.000,-Inf,benign
p.Arg2488Gly,c.7462A>G,–,2.92,±0.18,8.10E-05,1.000,neutral,C45,0.66,0.34–0.93,0.009,-5.420,benign
p.Val2969Met,c.8905G>A,class 1,3.01,±0.16,3.66E-05,0.990,neutral,C0,0.03,0.00–0.06,0.000,-Inf,benign
p.Ser2807Leu,c.8420C>T,–,3.04,±0.17,2.94E-05,1.000,neutral,C65,0.81,0.61–0.95,0.020,-5.360,likely benign
p.Leu2768His,c.8303T>A,–,3.40,±0.26,1.84E-06,1.000,neutral,C65,0.81,0.61–0.95,0.014,-5.698,likely benign
p.Ser3020Cys,c.9059C>G,–,3.48,±0.38,1.03E-06,1.000,neutral,C0,0.03,0.00–0.06,0.000,-6.220,benign
p.Asp2680Gly,c.8039A>G,–,3.53,±0.27,7.45E-07,1.000,neutral,C15,0.29,0.09–0.56,0.001,-6.115,benign
p.Val3081Ala,c.9242T>C,–,3.58,±0.22,5.26E-07,1.000,neutral,C25,0.29,0.09–0.56,0.000,-6.250,benign
p.Tyr3092Cys,c.9275A>G,class 2,3.62,±0.28,3.88E-07,1.000,neutral,C65,0.81,0.61–0.95,0.000,-6.750,benign
p.Arg2787Cys,c.8359C>T,–,3.63,±0.16,3.65E-07,1.000,neutral,C0,0.03,0.00–0.06,0.000,-6.500,benign
p.Ala2632Gly,c.7895C>G,–,3.68,±0.28,2.66E-07,1.000,neutral,C55,0.66,0.34–0.93,0.001,-7.275,benign
p.Ser3123Gly,c.9367A>G,–,3.72,±0.29,1.95E-07,1.000,neutral,C55,0.66,0.34–0.93,0.000,-7.060,benign
p.Ile2821Thr,c.8462T>C,–,3.76,±0.29,1.50E-07,1.000,neutral,C25,0.29,0.09–0.56,0.001,-6.374,benign
p.Leu2587Phe,c.7759C>T,–,3.77,±0.20,1.49E-07,1.000,neutral,C15,0.29,0.09–0.56,0.001,-6.197,benign
p.Phe2873Cys,c.8618T>G,–,3.79,±0.29,1.26E-07,1.000,neutral,C55,0.66,0.34–0.93,0.002,-6.709,benign
p.Leu2929Trp,c.8786T>G,–,3.85,±0.24,8.53E-08,1.000,neutral,C55,0.66,0.34–0.93,0.001,-7.815,benign
p.Ala2951Thr,c.8851G>A,class 1,3.87,±0.30,7.41E-08,0.990,neutral,C0,0.03,0.00–0.06,0.000,-Inf,benign
p.Gly2901Asp,c.8702G>A,–,3.89,±0.24,6.70E-08,1.000,neutral,C65,0.81,0.61–0.95,0.003,-7.402,benign
p.Glu3071Asp,c.9213G>T,–,3.95,±0.25,4.52E-08,1.000,neutral,C35,0.66,0.34–0.93,0.002,-7.135,benign
p.Ser2988Gly,c.8962A>G,–,3.97,±0.30,3.98E-08,1.000,neutral,C0,0.03,0.00–0.06,0.000,-6.570,benign
p.Arg2787His,c.8360G>A,class 2,3.97,±0.31,4.11E-08,1.000,neutral,C0,0.03,0.00–0.06,0.000,-7.420,benign
p.Pro2639Ala,c.7915C>G,–,3.98,±0.25,3.89E-08,1.000,neutral,C25,0.29,0.09–0.56,0.001,-6.077,benign
p.Lys2729Asn,c.8187G>T,class 1,3.99,±0.31,3.64E-08,0.990,neutral,C0,0.03,0.00–0.06,0.000,-Inf,benign
p.Ser2509Asn,c.7526G>A,–,4.05,±0.22,2.50E-08,1.000,neutral,C45,0.66,0.34–0.93,0.000,-7.620,benign
p.Ala2717Ser,c.8149G>T,class 1,4.08,±0.26,2.11E-08,0.990,neutral,C0,0.03,0.00–0.06,0.000,-Inf,benign
p.Leu2865Val,c.8593T>G,–,4.11,±0.45,1.68E-08,1.000,neutral,C25,0.29,0.09–0.56,0.001,-6.164,benign
p.Pro3039Leu,c.9116C>T,–,4.13,±0.32,1.48E-08,1.000,neutral,C0,0.03,0.09–0.56,0.000,-7.216,benign
p.Arg2991His,c.8972G>A,–,4.13,±0.20,1.51E-08,1.000,neutral,C25,0.29,0.00–0.06,0.000,-7.330,benign
p.Tyr3035Cys,c.9104A>G,–,4.16,±0.32,1.28E-08,1.000,neutral,C55,0.66,0.34–0.93,0.000,-8.230,benign
p.Pro3063Ser,c.9187C>T,class 2,4.21,±0.21,9.65E-09,1.000,neutral,C0,0.03,0.00–0.06,0.000,-7.571,benign
p.Pro2589His,c.7766C>A,class 2,4.25,±0.33,7.33E-09,1.000,neutral,C0,0.03,0.00–0.06,0.000,-6.851,benign
p.Ile2672Val,c.8014A>G,–,4.28,±0.08,6.02E-09,1.000,neutral,C15,0.29,0.09–0.56,0.000,-7.756,benign
p.Asp2679Gly,c.8036A>G,–,4.41,±0.28,3.08E-09,1.000,neutral,C65,0.81,0.61–0.95,0.002,-7.713,benign
p.Ala2466Val,c.7397C>T,class 1,4.46,±0.48,2.32E-09,0.990,neutral,C0,0.03,0.00–0.06,0.000,-Inf,benign
p.Asp3170Gly,c.9509A>G,class 1,4.50,±0.28,1.84E-09,0.990,neutral,C0,0.03,0.00–0.06,0.000,-Inf,benign
p.Arg2888Cys,c.8662C>T,class 1,4.52,±0.35,1.60E-09,0.990,neutral,C0,0.03,0.00–0.06,0.000,-Inf,benign
p.Lys2849Glu,c.8545A>G,–,4.56,±0.35,1.30E-09,1.000,neutral,C15,0.29,0.09–0.56,0.000,-7.463,benign
p.Asp2665Gly,c.7994A>G,class 2,4.56,±0.51,1.32E-09,1.000,neutral,C65,0.81,0.61–0.95,0.001,-8.096,benign
p.Glu2856Ala,c.8567A>C,class 1,4.57,±0.50,1.27E-09,0.990,neutral,C0,0.03,0.00–0.06,0.000,-Inf,benign
p.Glu2757Val,c.8270A>T,–,4.61,±0.35,9.79E-10,1.000,neutral,C35,0.66,0.34–0.93,0.000,-8.991,benign
p.Glu3152Lys,c.9454G>A,–,4.90,±0.38,2.24E-10,1.000,neutral,C0,0.03,0.00–0.06,0.000,-7.716,benign
p.Asp2913Glu,c.8739C>G,–,4.92,±0.38,2.02E-10,1.000,neutral,C35,0.66,0.34–0.93,0.000,-8.327,benign
p.Ser2782Asn,c.8345G>A,–,4.99,±0.38,1.38E-10,1.000,neutral,C45,0.66,0.34–0.93,0.000,-8.530,benign
p.Ala2851Val,c.8552C>T,–,5.03,±0.39,1.15E-10,1.000,neutral,C65,0.81,0.61–0.95,0.001,-8.513,benign
p.Arg2502Cys,c.7504C>T,–,5.04,±0.39,1.12E-10,1.000,neutral,C0,0.03,0.00–0.06,0.000,-7.890,benign
p.Gly2813Glu,c.8438G>A,–,5.09,±0.39,8.64E-11,1.000,neutral,C65,0.81,0.61–0.95,0.001,-8.553,benign
p.Arg2678Gly,c.8032A>G,–,5.12,±0.28,7.62E-11,1.000,neutral,C45,0.66,0.34–0.93,0.000,-9.010,benign
p.Val3079Ile,c.9235G>A,class 1,5.20,±0.41,5.02E-11,1.000,neutral,C0,0.03,0.00–0.06,0.000,-Inf,benign
p.Ser3058Gly,c.9172A>G,–,5.21,±0.40,4.89E-11,1.000,neutral,C0,0.03,0.00–0.06,0.000,-8.490,benign
p.Val2728Ile,c.8182G>A,–,5.29,±0.41,3.29E-11,1.000,neutral,C0,0.03,0.00–0.06,0.000,-7.950,benign
p.Asp2965His,c.8893G>C,class 2,5.33,±0.34,2.78E-11,1.000,neutral,C0,0.03,0.00–0.06,0.000,-8.404,benign
p.Lys2950Asn,c.8850G>T,class 2,5.41,±0.43,1.87E-11,1.000,neutral,C35,0.66,0.34–0.93,0.000,-8.814,benign
p.Glu2571Gly,c.7712A>G,–,5.50,±0.42,1.26E-11,1.000,neutral,C0,0.03,0.00–0.06,0.000,-8.204,benign
p.Tyr3098His,c.9292T>C,class 1,5.64,±0.15,6.90E-12,1.000,neutral,C0,0.03,0.00–0.06,0.000,-Inf,benign
p.Thr3013Ile,c.9038C>T,–,5.90,±0.45,2.23E-12,1.000,neutral,C0,0.03,0.00–0.06,0.000,-8.740,benign
p.Met2676Thr,c.8027T>C,class 2,5.90,±0.66,2.26E-12,1.000,neutral,C0,0.03,0.00–0.06,0.000,-8.294,benign
p.Ala3088Val,c.9263C>T,–,6.14,±0.47,8.44E-13,1.000,neutral,C0,0.03,0.00–0.06,0.000,-8.630,benign
