Table S12: PTEN variant reinterpretation with MAVE data following VCEP recommendations,,,,,,,,,,,,,,,,,,,,,,,
Gene,p_variant,Original_classification,Activity_score,Activity_class,Abundance_score,Abudance_class,CC_score,Proband_specificity,PP,PP_codes,PM,PM_codes,PS,PS_codes,PVS,PVS_codes,BP,BP_codes,BS,BS_codes,BA,BA_codes,ACMG_Rules_Reinterpretation
PTEN,p.Y225H,VUS,0.067101325,normal,0.7196019,normal,7,0,1,PP2,0,,0,,0,,0,,1,BS3,0,,VUS
PTEN,p.P354Q,VUS,0.091060946,normal,1.196048,normal,8,0,1,PP2,0,,0,,0,,0,,1,BS3,0,,VUS
PTEN,p.N69S,VUS,0.359052972,normal,0.925946,normal,1,0,1,PP2,0,,0,,0,,0,,1,BS3,0,,VUS
PTEN,p.M205T,VUS,1.068947339,normal,0.9275729,normal,0,0,1,PP2,0,,0,,0,,0,,1,BS3,0,,VUS
PTEN,p.D187G,VUS,-0.978489232,normal,0.7597252,normal,3,0,1,PP2,1,PM2,0,,0,,0,,1,BS3,0,,VUS
PTEN,p.D22H,VUS,-0.824534445,normal,0.7845841,normal,2,0,1,PP2,1,PM2,0,,0,,0,,1,BS3,0,,VUS
PTEN,p.C296R,VUS,-0.590263492,normal,0.8844882,normal,3,0,1,PP2,1,PM2,0,,0,,0,,1,BS3,0,,VUS
PTEN,p.I122V,VUS,-0.48716629,normal,0.9868032,normal,4,0,1,PP2,1,PM2,0,,0,,0,,1,BS3,0,,VUS
PTEN,p.N228S,VUS,-0.382340099,normal,1.1138282,normal,0,0,1,PP2,1,PM2,0,,0,,0,,1,BS3,0,,VUS
PTEN,p.S360G,VUS,-0.28150236,normal,0.9848284,normal,6,0,1,PP2,1,PM2,0,,0,,0,,1,BS3,0,,VUS
PTEN,p.E285K,VUS,-0.13737957,normal,1.2154594,normal,1,0,1,PP2,1,PM2,0,,0,,0,,1,BS3,0,,VUS
PTEN,p.P391S,VUS,-0.115868346,normal,0.8894103,normal,16,0,1,PP2,1,PM2,0,,0,,0,,1,BS3,0,,VUS
PTEN,p.G282E,VUS,-0.093618794,normal,0.9328426,normal,1,0,1,PP2,1,PM2,0,,0,,0,,1,BS3,0,,VUS
PTEN,p.N372S,VUS,-0.002440772,normal,1.0786195,normal,0,0,1,PP2,1,PM2,0,,0,,0,,1,BS3,0,,VUS
PTEN,p.D312G,VUS,0.017226032,normal,0.8565253,normal,4,0,1,PP2,1,PM2,0,,0,,0,,1,BS3,0,,VUS
PTEN,p.D368E,VUS,0.110797233,normal,1.0024939,normal,0,0,1,PP2,1,PM2,0,,0,,0,,1,BS3,0,,VUS
PTEN,p.R142Q,VUS,0.135925678,normal,1.0580501,normal,2,0,1,PP2,1,PM2,0,,0,,0,,1,BS3,0,,VUS
PTEN,p.R308H,VUS,0.152864335,normal,0.8869478,normal,6,0,1,PP2,1,PM2,0,,0,,0,,1,BS3,0,,VUS
PTEN,p.P354L,VUS,0.161537112,normal,0.7222503,normal,0,0,1,PP2,1,PM2,0,,0,,0,,1,BS3,0,,VUS
PTEN,p.K163R,VUS,0.326407297,normal,0.9216992,normal,0,0,1,PP2,1,PM2,0,,0,,0,,1,BS3,0,,VUS
PTEN,p.R189K,VUS,0.36337903,normal,0.8122213,normal,0,0,1,PP2,1,PM2,0,,0,,0,,1,BS3,0,,VUS
PTEN,p.G44S,VUS,0.97284434,normal,0.9373206,normal,2,0,1,PP2,1,PM2,0,,0,,0,,1,BS3,0,,VUS
PTEN,p.Y176C,VUS,-1.291488163,intermediate,NA,NA,4,0,1,PP2,0,,0,,0,,0,,0,,0,,VUS
PTEN,p.Y377F,VUS,0.035690154,normal,0.6829988,low,4,0,2,"PS3_P, PP2",0,,0,,0,,0,,0,,0,,VUS
PTEN,p.Q298E,VUS,0.305203537,normal,0.5929891,low,7,0,2,"PS3_P, PP2",0,,0,,0,,0,,0,,0,,VUS
PTEN,p.F337Y,VUS,-2.120838499,intermediate,0.7227146,normal,2,0,1,PP2,1,PM2,0,,0,,1,BS3_P,0,,0,,VUS
PTEN,p.V191L,VUS,-1.690643088,intermediate,0.7136231,normal,2,0,1,PP2,1,PM2,0,,0,,1,BS3_P,0,,0,,VUS
PTEN,p.K6E,VUS,-1.623520219,intermediate,1.2637987,normal,0,0,1,PP2,1,PM2,0,,0,,1,BS3_P,0,,0,,VUS
PTEN,p.P281A,VUS,-1.03673832,intermediate,1.1477647,normal,2,0,1,PP2,1,PM2,0,,0,,1,BS3_P,0,,0,,VUS
PTEN,p.S305N,VUS,-0.762847943,normal,NA,NA,2,0,1,PP2,1,PM2,0,,0,,1,BS3_P,0,,0,,VUS
PTEN,p.V369I,VUS,-0.386029809,normal,NA,NA,2,0,1,PP2,1,PM2,0,,0,,1,BS3_P,0,,0,,VUS
PTEN,p.E288K,VUS,-0.341827872,normal,NA,NA,1,0,1,PP2,1,PM2,0,,0,,1,BS3_P,0,,0,,VUS
PTEN,p.Y174C,VUS,-0.207781149,normal,NA,NA,0,0,1,PP2,1,PM2,0,,0,,1,BS3_P,0,,0,,VUS
PTEN,p.R233Q,VUS,0.11604447,normal,NA,NA,0,0,1,PP2,1,PM2,0,,0,,1,BS3_P,0,,0,,VUS
PTEN,p.D297Y,VUS,0.136567029,normal,NA,NA,4,0,1,PP2,1,PM2,0,,0,,1,BS3_P,0,,0,,VUS
PTEN,p.S305G,VUS,0.297817543,normal,NA,NA,2,0,1,PP2,1,PM2,0,,0,,1,BS3_P,0,,0,,VUS
PTEN,p.C105Y,VUS,-2.064656929,intermediate,NA,NA,10,0,1,PP2,1,PM2,0,,0,,0,,0,,0,,VUS
PTEN,p.P204A,VUS,-1.675323507,intermediate,0.2871843,low,2,0,2,"PS3_P, PP2",1,PM2,0,,0,,0,,0,,0,,VUS
PTEN,p.N184I,VUS,-0.133646867,normal,0.1872999,low,2,0,2,"PS3_P, PP2",1,PM2,0,,0,,0,,0,,0,,VUS
PTEN,p.R234W,VUS,0.106334511,normal,0.2095695,low,0,0,2,"PS3_P, PP2",1,PM2,0,,0,,0,,0,,0,,VUS
PTEN,p.M205V,VUS,-2.864982872,low,0.7837628,normal,0,0,1,PP2,0,,1,PS3,0,,0,,0,,0,,VUS
PTEN,p.L57W,VUS,-4.862559182,low,0.1832395,low,6,0,1,PP2,1,PM2,1,PS3,0,,0,,0,,0,,LP
PTEN,p.R142P,VUS,-3.689950405,low,0.1936556,low,7,0,1,PP2,1,PM2,1,PS3,0,,0,,0,,0,,LP
PTEN,p.K183N,VUS,-4.591906192,low,0.951815,normal,1,0,1,PP2,1,PM2,1,PS3,0,,0,,0,,0,,LP
PTEN,p.P38T,VUS,-4.467951847,low,0.9292059,normal,4,0,1,PP2,1,PM2,1,PS3,0,,0,,0,,0,,LP
PTEN,p.D107Y,VUS,-5.12766096,low,0.1487791,low,6,0,1,PP2,2,"PM2, PM5",1,PS3,0,,0,,0,,0,,LP
PTEN,p.V53E,VUS,-2.423940157,low,0.3932084,low,5,0,1,PP2,2,"PM2, PM5",1,PS3,0,,0,,0,,0,,LP
PTEN,p.F241S,VUS,-2.399434227,low,0.213291,low,2,0,1,PP2,2,"PM2, PM5",1,PS3,0,,0,,0,,0,,LP