Table S2: Functional categorizations of BRCA1 VUS,,,,,,,,,,,,,,,,,,
,,,,,,,,,,,,,,,,,,
DNA Variant,Protein change,Splice site prediction warning,Predicted effect on consensus splice site                        with references in case of experimental evidence ,Mean RNA score Findlay 2018a                       -2 = 75% reduction in RNA,Cisplatin nIC50b,Cisplatin nIC50b       Std Dev,Cisplatin probability deleterious,Cisplatin prediction,Olaparib nIC50b,Olaparib nIC50b              Std Dev,Olaparib           logen(IC50)b,Olaparib           loge(nIC50)b Std Dev,Olaparib   probability deleterious,Olaparib    prediction,n%GFP+b,n%GFP+b               Std Dev,DR-GFP probability deleterious,DR-GFP prediction
c.11C>Tc,p.(Ser4Phe),Cryptic Acceptor Weakly Activated?,N/A,-0.26,1.150,0.381,0.000,Neutral,0.911,0.346,-0.08255979079,0.3567618134,0,Neutral,0.838,0.078,0.000,Neutral
c.19C>T,p.(Arg7Cys),Cryptic Acceptor Strongly Activated?,N/A,-0.14,0.337,0.155,0.999,Deleterious,0.068,0.052,-2.200446351,0.4324580264,0.9990079507,Deleterious,0.521,0.048,1.000,Deleterious
c.34C>A,p.(Gln12Lys),N/A,N/A,-0.32,1.955,0.417,0.000,Neutral,2.705,1.022,0.9692650751,0.359492938,0,Neutral,1.235,0.162,0.000,Neutral
c.35A>C,p.(Gln12Pro),N/A,N/A,-1.07,-0.098,0.082,1.000,Deleterious,0.002,0.006,-2.957927074,0.1196631049,1,Deleterious,-0.076,0.081,1.000,Deleterious
c.41T>C,p.(Val14Ala),N/A,N/A,0.33,0.463,0.093,0.017,Likely neutral,0.072,0.057,-2.174402203,0.4444457178,0.9920696032,Not cleard,0.343,0.073,1.000,Deleterious
c.107C>A,p.(Ser36Tyr),N/A,N/A,N/A,0.704,0.156,0.000,Neutral,0.204,0.134,-1.49761224,0.6596004241,0,Neutral,0.790,0.080,0.000,Neutral
c.110C>G,p.(Thr37Arg),New Acceptor Site?,N/A,-0.73,-0.072,0.278,1.000,Deleterious,0.001,0.012,-2.983363068,0.2145790243,1,Deleterious,-0.106,0.080,1.000,Deleterious
c.116G>A,p.(Cys39Tyr),N/A,N/A,-0.8,-0.121,0.087,1.000,Deleterious,0.003,0.012,-2.953142025,0.2081905974,1,Deleterious,-0.126,0.058,1.000,Deleterious
c.134A>C,p.(Lys45Thr),Possible effect at nearest splice site,Unlikely,0.07,0.015,0.199,1.000,Deleterious,0.059,0.092,-2.445620014,0.813854545,1,Not cleard,0.027,0.083,1.000,Deleterious
c.139T>C,p.(Cys47Arg),Possible effect at nearest splice site,Unlikely,-0.5,-0.168,0.161,1.000,Deleterious,0.001,0.008,-2.980460972,0.1558053268,1,Deleterious,-0.120,0.057,1.000,Deleterious
c.199G>A,p.(Asp67Asn),N/A,N/A,-0.73,0.902,0.185,0.000,Neutral,0.498,0.273,-0.6907840825,0.5303346345,0,Neutral,1.206,0.186,0.000,Neutral
c.271T>C,p.(Cys91Arg),N/A,N/A,0.12,0.789,0.155,0.000,Neutral,0.981,0.625,-0.168246251,0.8618033364,0,Neutral,1.137,0.136,0.000,Neutral
c.282G>T,p.(Gln94His),N/A,N/A,-0.11,0.709,0.103,0.000,Neutral,0.098,0.046,-1.942808876,0.3193903697,0,Neutral,0.755,0.300,0.000,Neutral
c.290C>T,p.(Thr97Ile),N/A,N/A,-1.25,0.183,0.209,1.000,Deleterious,0.048,0.054,-2.42337726,0.5229754549,0.9999999999,Deleterious,0.204,0.050,1.000,Deleterious
c.397C>T,p.(Arg133Cys),N/A,N/A,N/A,0.753,0.373,0.000,Neutral,0.987,0.503,-0.03508852142,0.4516959711,0,Neutral,0.669,0.103,0.098,Intermediate
c.416A>G,p.(Gln139Arg),N/A,N/A,N/A,0.609,0.317,0.000,Neutral,0.659,0.497,-0.6236911542,1.038980483,0,Neutral,1.084,0.042,0.000,Neutral
c.429A>C,p.(Glu143Asp),N/A,N/A,N/A,0.760,0.127,0.000,Neutral,0.659,0.292,-0.4111976488,0.4658175905,0,Neutral,1.051,0.129,0.000,Neutral
c.441G>Cc,p.(Leu147Phe),Possible effect at nearest splice site,Uncertain; partiale/nof effect on splice donor exon 7,N/A,1.174,0.339,0.000,Neutral,0.908,0.382,-0.1034472512,0.4385033723,0,Neutral,0.936,0.201,0.000,Neutral
c.457A>G,p.(Ser153Gly),Possible effect at nearest splice site,Unlikely,N/A,0.828,0.207,0.000,Neutral,0.606,0.450,-0.5637694121,0.6279302609,0,Neutral,1.057,0.099,0.000,Neutral
c.475C>T,p.(Leu159Phe),N/A,N/A,N/A,0.678,0.350,0.000,Neutral,0.399,0.285,-0.9338079688,0.6253313309,0,Neutral,1.087,0.152,0.000,Neutral
c.494T>Cc,p.(Leu165Pro),N/A,N/A,N/A,1.121,0.380,0.000,Neutral,1.313,0.488,0.263861311,0.3768040338,0,Neutral,1.039,0.146,0.000,Neutral
c.508C>Tc,p.(Arg170Trp),N/A,N/A,N/A,0.846,0.242,0.000,Neutral,1.092,0.235,0.1195276728,0.1961984933,0,Neutral,0.827,0.165,0.000,Neutral
c.533T>A,p.(Val178Asp),N/A,N/A,N/A,0.841,0.316,0.000,Neutral,0.908,0.727,-0.3099689918,0.9755811086,0,Neutral,1.136,0.155,0.000,Neutral
c.575A>G,p.(Asn192Ser),New donor site? ,N/A,N/A,0.630,0.395,0.000,Neutral,0.444,0.300,-0.8187501919,0.5653004277,0,Neutral,1.025,0.105,0.000,Neutral
c.586T>C,p.(Tyr196His),N/A,N/A,N/A,0.746,0.201,0.000,Neutral,0.397,0.156,-0.847792719,0.3551514775,0,Neutral,1.100,0.146,0.000,Neutral
c.595G>A,p.(Val199Met),Possible effect at nearest splice site,Unlikely,N/A,0.727,0.300,0.000,Neutral,0.424,0.251,-0.8458338891,0.5522605671,0,Neutral,0.930,0.188,0.000,Neutral
c.670G>C,p.(Ala224Pro),Possible effect at nearest splice site,"Yes, disrupts splice donor exon 10",N/A,0.956,0.513,0.000,Neutral,0.809,0.817,-0.5217153433,1.111631043,0,Neutral,1.048,0.039,0.000,Neutral
c.677G>A,p.(Cys226Tyr),Possible effect at nearest splice site,Unlikely,N/A,1.283,0.425,0.000,Neutral,1.042,0.999,-0.1894648799,0.8992849073,0,Neutral,0.707,0.331,0.004,Not cleard
c.692C>Tc,p.(Thr231Met),N/A,N/A,N/A,1.152,0.276,0.000,Neutral,1.224,0.752,0.09990277559,0.6859652932,0,Neutral,1.044,0.188,0.000,Neutral
c.694G>A,p.(Asp232Asn),Cryptic Donor Strongly Activated?,N/A,N/A,1.077,0.336,0.000,Neutral,0.790,0.593,-0.3555774096,0.7512015164,0,Neutral,0.788,0.140,0.000,Neutral
c.716A>G,p.(His239Arg),N/A,N/A,N/A,1.032,0.410,0.000,Neutral,0.622,0.274,-0.4631437733,0.4611349936,0,Neutral,0.972,0.217,0.000,Neutral
c.734A>Tc,p.(Asp245Val),N/A,N/A,N/A,1.037,0.473,0.000,Neutral,1.200,0.741,0.07259663834,0.7136482355,0,Neutral,1.013,0.087,0.000,Neutral
c.746C>A,p.(Thr249Asn),N/A,N/A,N/A,1.073,0.424,0.000,Neutral,0.747,0.481,-0.3367581147,0.555873855,0,Neutral,1.173,0.383,0.000,Neutral
c.755G>A,p.(Arg252His),N/A,N/A,N/A,0.865,0.362,0.000,Neutral,0.679,0.243,-0.354289697,0.3404732646,0,Neutral,0.961,0.414,0.000,Neutral
c.804C>G,p.(Asn268Lys),New Acceptor Site?,N/A,N/A,0.908,0.549,0.000,Neutral,0.535,0.638,-1.003954299,1.223621424,0,Neutral,0.857,0.406,0.000,Neutral
c.811G>A,p.(Val271Met),N/A,N/A,N/A,1.135,0.210,0.000,Neutral,1.431,1.197,-0.274187167,0.743124875,0,Neutral,0.962,0.044,0.000,Neutral
c.811G>Cc,p.(Val271Leu),N/A,N/A,N/A,1.032,0.409,0.000,Neutral,0.870,0.710,-0.01843459807,1.29602399,0,Neutral,1.201,0.164,0.000,Neutral
c.823G>A,p.(Gly275Ser),N/A,N/A,N/A,0.925,0.548,0.000,Neutral,0.377,0.410,-1.271260087,1.221539213,0,Not cleard,1.081,0.328,0.000,Neutral
c.829A>G,p.(Asn277Asp),N/A,N/A,N/A,0.765,0.317,0.000,Neutral,0.727,0.716,-0.5492594324,0.9488169649,0,Neutral,1.349,0.259,0.000,Neutral
c.893A>G,p.(Asn298Ser),N/A,N/A,N/A,0.772,0.715,0.000,Not cleard,0.432,0.266,-0.8842304269,0.7442292789,0,Neutral,1.383,0.347,0.000,Neutral
c.946A>G,p.(Ser316Gly),N/A,N/A,N/A,0.645,0.252,0.000,Neutral,0.259,0.191,-1.331232173,0.7179777957,0,Neutral,1.214,0.420,0.000,Neutral
c.954T>G,p.(His318Gln),N/A,N/A,N/A,0.501,0.304,0.001,Neutral,0.185,0.170,-1.60443907,0.6629149344,0,Neutral,1.537,0.879,0.000,Neutral
c.995G>A,p.(Arg332Gln),N/A,N/A,N/A,1.200,0.716,0.000,Neutral,0.566,0.323,-0.5758085457,0.5251075214,0,Neutral,1.228,0.191,0.000,Neutral
c.997A>G,p.(Thr333Ala),N/A,N/A,N/A,1.412,0.817,0.000,Neutral,0.561,0.713,-0.966439621,1.163761003,0,Neutral,1.195,0.411,0.000,Neutral
c.1036C>T,p.(Pro346Ser),N/A,N/A,N/A,0.883,0.117,0.000,Neutral,0.258,0.417,-1.914980798,1.492921826,0,Not cleard,1.160,0.214,0.000,Neutral
c.1040T>A,p.(Leu347Gln),New Acceptor Site?,N/A,N/A,0.928,0.365,0.000,Neutral,0.459,0.524,-1.120390587,1.226553362,0,Not cleard,1.302,0.549,0.000,Neutral
c.1081T>C,p.(Ser361Pro),N/A,N/A,N/A,0.753,0.204,0.000,Neutral,0.447,0.670,-1.410172597,1.44994826,0,Not cleard,1.182,0.425,0.000,Neutral
c.1096G>C,p.(Asp366His),N/A,N/A,N/A,0.687,0.258,0.000,Neutral,0.241,0.160,-1.364691482,0.6590653208,0,Neutral,1.103,0.279,0.000,Neutral
c.1106_1108del,p.(Asp369del),N/A,N/A,N/A,0.925,0.377,0.000,Neutral,0.637,0.522,-0.651127652,0.9948781321,0,Neutral,1.099,0.472,0.000,Neutral
c.1199A>G,p.(Asp400Gly),New Donor Site?,N/A,N/A,0.704,0.068,0.000,Neutral,0.590,0.424,-0.7137232708,1.022814427,0,Neutral,0.917,0.346,0.000,Neutral
c.1222A>G,p.(Lys408Glu),N/A,N/A,N/A,0.875,0.173,0.000,Neutral,0.315,0.149,-1.079827552,0.4886108358,0,Neutral,1.146,0.302,0.000,Neutral
c.1224A>C,p.(Lys408Asn),N/A,N/A,N/A,0.905,0.184,0.000,Neutral,0.367,0.218,-0.9585846432,0.487199702,0,Neutral,1.150,0.397,0.000,Neutral
c.1228G>A,p.(Ala410Thr),N/A,N/A,N/A,0.561,0.052,0.000,Neutral,0.265,0.213,-1.33635274,0.7683572522,0,Neutral,1.106,0.447,0.000,Neutral
c.1233T>G,p.(Asp411Glu),N/A,N/A,N/A,0.981,0.706,0.000,Neutral,1.015,0.315,0.0300294323,0.3265548046,0,Neutral,1.061,0.190,0.000,Neutral
c.1234G>A,p.(Val412Ile),N/A,N/A,N/A,0.752,0.177,0.000,Neutral,0.462,0.100,-0.6822103017,0.2023757611,0,Neutral,1.032,0.289,0.000,Neutral
c.1252G>A,p.(Glu418Lys),Cryptic Donor Strongly Activated?,N/A,N/A,1.047,0.175,0.000,Neutral,0.745,0.390,-0.3397473054,0.6190635406,0,Neutral,0.962,0.299,0.000,Neutral
c.1315G>A,p.(Ala439Thr),N/A,N/A,N/A,0.952,0.349,0.000,Neutral,0.364,0.184,-0.9650631331,0.5246321648,0,Neutral,0.945,0.338,0.000,Neutral
c.1333G>C,p.(Glu445Gln),N/A,N/A,N/A,0.999,0.036,0.000,Neutral,0.818,0.597,-0.2837499992,0.6301088315,0,Neutral,1.041,0.095,0.000,Neutral
c.1337G>C,p.(Arg446Thr),N/A,N/A,N/A,1.033,0.321,0.000,Neutral,3.585,2.171,1.105486944,0.8245151731,0,Neutral,1.641,0.400,0.000,Neutral
c.1397G>A,p.(Arg466Gln),N/A,N/A,N/A,1.091,0.106,0.000,Neutral,1.004,0.735,-0.1385114185,0.7890494197,0,Neutral,1.116,0.429,0.000,Neutral
c.1422A>C,p.(Leu474Phe),N/A,N/A,N/A,1.294,0.444,0.000,Neutral,0.929,0.309,-0.06073847029,0.3583736657,0,Neutral,1.044,0.080,0.000,Neutral
c.1436A>G,p.(Glu479Gly),N/A,N/A,N/A,0.941,0.636,0.000,Neutral,0.628,0.246,-0.442391323,0.417197527,0,Neutral,0.955,0.078,0.000,Neutral
c.1502A>T,p.(Lys501Ile),N/A,N/A,N/A,0.883,0.036,0.000,Neutral,0.733,0.544,-0.4755084327,0.9112262815,0,Neutral,0.911,0.093,0.000,Neutral
c.1525A>G,p.(Thr509Ala),N/A,N/A,N/A,0.997,0.431,0.000,Neutral,0.788,0.452,-0.2934891474,0.6200726709,0,Neutral,0.895,0.150,0.000,Neutral
c.1526C>T,p.(Thr509Ile),N/A,N/A,N/A,1.433,0.542,0.000,Neutral,0.581,0.346,-0.6107886538,0.735548922,0,Neutral,0.929,0.132,0.000,Neutral
c.1534C>T,p.(Leu512Phe),N/A,N/A,N/A,0.849,0.330,0.000,Neutral,0.462,0.068,-0.6751401344,0.1387185178,0,Neutral,1.112,0.155,0.000,Neutral
c.1555A>C,p.(Lys519Gln),N/A,N/A,N/A,0.709,0.227,0.000,Neutral,0.378,0.169,-0.9032632768,0.412575616,0,Neutral,0.901,0.075,0.000,Neutral
c.1616C>T,p.(Thr539Met),N/A,N/A,N/A,1.232,0.478,0.000,Neutral,0.815,0.449,-0.2306484272,0.4963442975,0,Neutral,0.865,0.032,0.000,Neutral
c.1703C>G,p.(Pro568Arg),N/A,N/A,N/A,1.018,0.279,0.000,Neutral,0.869,1.021,-0.5211370863,1.133947944,0,Neutral,0.870,0.132,0.000,Neutral
c.1736C>G,p.(Ala579Gly),N/A,N/A,N/A,0.962,0.075,0.000,Neutral,0.275,0.310,-1.500388095,1.129171732,0,Not cleard,0.835,0.182,0.000,Neutral
c.1813G>C,p.(Ala605Pro),N/A,N/A,N/A,0.873,0.411,0.000,Neutral,0.326,0.161,-1.038033315,0.4253926517,0,Neutral,0.802,0.045,0.000,Neutral
c.1824_1826del,p.(Lys608del),N/A,N/A,N/A,0.816,0.351,0.000,Neutral,0.589,0.412,-0.6687208836,0.9047843758,0,Neutral,0.850,0.080,0.000,Neutral
c.1846_1848del,p.(Ser616del),N/A,N/A,N/A,0.699,0.095,0.000,Neutral,0.333,0.266,-1.107155192,0.6390905593,0,Neutral,0.843,0.081,0.000,Neutral
c.1879G>A,p.(Val627Ile),Cryptic Acceptor Strongly Activated?,N/A,N/A,0.808,0.284,0.000,Neutral,0.462,0.024,-0.6693872183,0.04659587371,0,Neutral,1.133,0.120,0.000,Neutral
c.1897C>T,p.(Pro633Ser),N/A,N/A,N/A,1.118,0.447,0.000,Neutral,0.716,0.410,-0.4018174876,0.6903549047,0,Neutral,0.999,0.101,0.000,Neutral
c.1901C>T,p.(Pro634Leu),N/A,N/A,N/A,1.022,0.486,0.000,Neutral,0.611,0.459,-0.6481123101,0.9213596643,0,Neutral,1.068,0.125,0.000,Neutral
c.1912G>A,p.(Glu638Lys),N/A,N/A,N/A,1.061,0.509,0.000,Neutral,0.823,0.464,-0.2322942734,0.5394749053,0,Neutral,1.060,0.029,0.000,Neutral
c.1945G>C,p.(Glu649Gln),N/A,N/A,N/A,1.187,0.514,0.000,Neutral,0.509,0.272,-0.6638971997,0.4996582704,0,Neutral,1.147,0.244,0.000,Neutral
c.1973T>C,p.(Met658Thr),N/A,N/A,N/A,1.382,0.772,0.000,Neutral,1.063,0.553,0.03200104536,0.4622405953,0,Neutral,1.148,0.292,0.000,Neutral
c.2005A>G,p.(Met669Val),N/A,N/A,N/A,0.901,0.612,0.000,Neutral,0.634,0.435,-0.5004926744,0.5818921125,0,Neutral,1.002,0.221,0.000,Neutral
c.2083G>Ac,p.(Asp695Asn),N/A,N/A,N/A,1.225,0.605,0.000,Neutral,1.126,0.211,-1.278282839,1.502306493,0,Not cleard,1.213,0.260,0.000,Neutral
c.2083G>T,p.(Asp695Tyr),Cryptic Acceptor Strongly Activated?,N/A,N/A,0.933,0.387,0.000,Neutral,0.411,0.366,0.1503129496,0.1901063612,0,Neutral,0.894,0.428,0.000,Neutral
c.2119G>C,p.(Gly707Arg),Cryptic Acceptor Strongly Activated?,N/A,N/A,1.104,0.406,0.000,Neutral,1.024,0.228,0.05450007065,0.2287355819,0,Neutral,0.997,0.344,0.000,Neutral
c.2123C>A,p.(Ser708Tyr),N/A,N/A,N/A,0.797,0.320,0.000,Neutral,0.790,0.207,-0.1966984821,0.2642729908,0,Neutral,0.975,0.206,0.000,Neutral
c.2189A>G,p.(Glu730Gly),N/A,N/A,N/A,0.631,0.185,0.000,Neutral,0.331,0.201,-1.072695072,0.5913446816,0,Neutral,0.790,0.134,0.000,Neutral
c.2218G>C,p.(Val740Leu),N/A,N/A,N/A,1.057,0.345,0.000,Neutral,0.642,0.467,-0.5116486882,0.6397207533,0,Neutral,0.782,0.124,0.000,Neutral
c.2252T>G,p.(Met751Arg),N/A,N/A,N/A,0.987,0.208,0.000,Neutral,0.240,0.105,-1.289361017,0.4086276293,0,Neutral,0.767,0.017,0.000,Neutral
c.2266A>G,p.(Arg756Gly),N/A,N/A,N/A,1.256,0.173,0.000,Neutral,0.384,0.156,-0.8748499487,0.341310529,0,Neutral,0.975,0.072,0.000,Neutral
c.2283A>C,p.(Glu761Asp),N/A,N/A,N/A,0.927,0.495,0.000,Neutral,0.432,0.305,-0.8630515092,0.6336143005,0,Neutral,0.796,0.068,0.000,Neutral
c.2347A>G,p.(Ile783Val),N/A,N/A,N/A,1.259,0.674,0.000,Neutral,0.188,0.046,-1.448253254,0.201797192,0,Neutral,0.802,0.261,0.000,Neutral
c.2351C>T,p.(Ser784Leu),N/A,N/A,N/A,1.322,0.897,0.000,Neutral,0.775,0.780,-0.4716344343,0.8809925199,0,Neutral,0.724,0.092,0.001,Neutral
c.2393C>Tc,p.(Pro798Leu),N/A,N/A,N/A,0.994,0.116,0.000,Neutral,1.331,1.141,-7.61E-05,1.077738854,0,Neutral,0.994,0.113,0.000,Neutral
c.2401T>C,p.(Cys801Arg),Cryptic Donor Strongly Activated?,N/A,N/A,0.766,0.331,0.000,Neutral,0.594,0.157,-0.4592254808,0.232005322,0,Neutral,0.668,0.190,0.109,Intermediate
c.2437G>A,p.(Gly813Arg),N/A,N/A,N/A,1.352,0.383,0.000,Neutral,0.665,0.023,-0.3357998902,0.03262555317,0,Neutral,0.957,0.131,0.000,Neutral
c.2533A>G,p.(Ile845Val),N/A,N/A,N/A,0.764,0.250,0.000,Neutral,0.410,0.100,-0.7935914772,0.2304173932,0,Neutral,0.942,0.150,0.000,Neutral
c.2534T>C,p.(Ile845Thr),N/A,N/A,N/A,1.004,0.250,0.000,Neutral,1.011,0.304,0.03101410453,0.2898507547,0,Neutral,1.042,0.391,0.000,Neutral
c.2541G>A,p.(Met847Ile),N/A,N/A,N/A,1.070,0.381,0.000,Neutral,1.074,0.770,-0.0771088102,0.8068712282,0,Neutral,1.158,0.163,0.000,Neutral
c.2551G>A,p.(Glu851Lys),N/A,N/A,N/A,1.288,0.338,0.000,Neutral,1.439,0.594,0.3331339863,0.4629274986,0,Neutral,1.168,0.300,0.000,Neutral
c.2630A>G,p.(Asn877Ser),N/A,N/A,N/A,1.139,0.159,0.000,Neutral,1.242,0.669,0.1474071963,0.6012260692,0,Neutral,1.102,0.448,0.000,Neutral
c.2641G>C,p.(Glu881Gln),N/A,N/A,N/A,1.201,0.352,0.000,Neutral,1.510,0.883,0.3301024439,0.5974876671,0,Neutral,0.915,0.116,0.000,Neutral
c.2662C>T,p.(His888Tyr),N/A,N/A,N/A,1.188,0.076,0.000,Neutral,1.310,0.739,0.1903774575,0.6189700285,0,Neutral,1.340,0.380,0.000,Neutral
c.2692A>G,p.(Lys898Glu),N/A,N/A,N/A,1.145,0.762,0.000,Neutral,0.768,0.323,-0.25332907,0.396286666,0,Neutral,1.347,0.331,0.000,Neutral
c.2702T>C,p.(Phe901Ser),N/A,N/A,N/A,1.187,0.244,0.000,Neutral,0.972,0.069,0.01996772903,0.06650315962,0,Neutral,1.219,0.242,0.000,Neutral
c.2725A>G,p.(Asn909Asp),N/A,N/A,N/A,1.429,0.409,0.000,Neutral,1.241,1.018,-0.0903171319,1.155615876,0,Neutral,1.221,0.215,0.000,Neutral
c.2758G>A,p.(Val920Ile),N/A,N/A,N/A,1.149,0.213,0.000,Neutral,0.567,0.153,-0.5029845443,0.2496071029,0,Neutral,1.136,0.206,0.000,Neutral
c.2783G>A,p.(Gly928Asp),N/A,N/A,N/A,1.049,0.334,0.000,Neutral,0.404,0.343,-1.017715995,0.8668570023,0,Neutral,0.986,0.100,0.000,Neutral
c.2798G>A,p.(Gly933Asp),N/A,N/A,N/A,1.338,0.086,0.000,Neutral,1.786,0.434,0.587009971,0.2538810836,0,Neutral,1.113,0.087,0.000,Neutral
c.2812C>T,p.(Pro938Ser),N/A,N/A,N/A,1.221,0.699,0.000,Neutral,0.783,0.183,-0.2009975812,0.2362809999,0,Neutral,1.087,0.199,0.000,Neutral
c.2872T>A,p.(Phe958Ile),N/A,N/A,N/A,0.960,0.438,0.000,Neutral,0.327,0.338,-1.301886987,1.040863051,0,Not cleard,1.160,0.052,0.000,Neutral
c.2920T>G,p.(Leu974Val),N/A,N/A,N/A,1.167,0.229,0.000,Neutral,1.134,0.834,-0.1061797911,1.024470836,0,Neutral,1.171,0.280,0.000,Neutral
c.2963C>T,p.(Ser988Leu),Cryptic Acceptor Strongly Activated?,N/A,N/A,1.021,0.284,0.000,Neutral,0.221,0.077,-1.337832419,0.3122196978,0,Neutral,1.212,0.484,0.000,Neutral
c.2998G>A,p.(Glu1000Lys),N/A,N/A,N/A,0.738,0.534,0.000,Neutral,0.509,0.353,-0.7077955985,0.6065090487,0,Neutral,0.958,0.210,0.000,Neutral
c.3004A>G,p.(Asn1002Asp),N/A,N/A,N/A,1.081,0.591,0.000,Neutral,0.306,0.021,-1.033944313,0.05696233887,0,Neutral,1.104,0.141,0.000,Neutral
c.3025T>A,p.(Ser1009Thr),N/A,N/A,N/A,0.752,0.192,0.000,Neutral,0.320,0.131,-1.044907965,0.409412257,0,Neutral,1.103,0.250,0.000,Neutral
c.3049_3051del,p.(Glu1017del),N/A,N/A,N/A,0.952,0.160,0.000,Neutral,0.577,0.390,-0.5848990246,0.5778459487,0,Neutral,0.886,0.035,0.000,Neutral
c.3071G>A,p.(Ser1024Asn),N/A,N/A,N/A,1.092,0.234,0.000,Neutral,0.476,0.468,-0.9899417713,1.099063586,0,Neutral,1.149,0.206,0.000,Neutral
c.3082C>T,p.(Arg1028Cys),N/A,N/A,N/A,0.968,0.438,0.000,Neutral,0.777,0.255,-0.2229643502,0.3191282799,0,Neutral,1.082,0.049,0.000,Neutral
c.3095G>C,p.(Arg1032Thr),N/A,N/A,N/A,0.829,0.095,0.000,Neutral,0.761,0.451,-0.3651326418,0.7484439706,0,Neutral,1.100,0.244,0.000,Neutral
c.3113A>Cg,p.(Glu1038Asp),N/A,N/A,N/A,0.563,0.082,0.000,Neutral,0.490,0.317,-0.7234193194,0.5567015236,0,Neutral,1.132,0.313,0.000,Neutral
c.3178G>A,p.(Glu1060Lys),N/A,N/A,N/A,1.030,0.418,0.000,Neutral,0.819,0.486,-0.2381106564,0.5304870685,0,Neutral,1.088,0.353,0.000,Neutral
c.3179A>Cc,p.(Glu1060Ala),Cryptic Acceptor Weakly Activated?,N/A,N/A,1.193,0.624,0.000,Neutral,1.606,0.897,0.4132436761,0.5124396652,0,Neutral,0.943,0.082,0.000,Neutral
c.3248T>C,p.(Met1083Thr),N/A,N/A,N/A,0.988,0.406,0.000,Neutral,0.913,0.346,-0.08714857185,0.3972535956,0,Neutral,0.970,0.172,0.000,Neutral
c.3301A>T,p.(Ser1101Cys),N/A,N/A,N/A,0.910,0.296,0.000,Neutral,0.476,0.387,-0.8135098452,0.6970292189,0,Neutral,1.206,0.637,0.000,Neutral
c.3304A>G,p.(Asn1102Asp),N/A,N/A,N/A,0.910,0.119,0.000,Neutral,0.700,0.564,-0.4982058516,0.8185508563,0,Neutral,1.092,0.335,0.000,Neutral
c.3328_3330delc,p.(Lys1110del),N/A,N/A,N/A,1.163,0.621,0.000,Neutral,1.021,0.346,0.03084630817,0.3401915054,0,Neutral,1.000,0.194,0.000,Neutral
c.3416G>T,p.(Ser1139Ile),Cryptic Acceptor Strongly Activated?,N/A,N/A,0.942,0.230,0.000,Neutral,0.352,0.111,-0.9348232499,0.2657533528,0,Neutral,1.012,0.298,0.000,Neutral
c.3418_3420del,p.(Ser1140del),N/A,N/A,N/A,1.257,0.121,0.000,Neutral,0.562,0.294,-0.5811316381,0.5388962417,0,Neutral,1.099,0.404,0.000,Neutral
c.3421C>G,p.(His1141Asp),N/A,N/A,N/A,1.067,0.325,0.000,Neutral,0.693,0.565,-0.4775594363,0.7171863915,0,Neutral,1.031,0.188,0.000,Neutral
c.3454G>A,p.(Asp1152Asn),N/A,N/A,N/A,1.064,0.162,0.000,Neutral,0.499,0.193,-0.636925834,0.3289197682,0,Neutral,0.911,0.135,0.000,Neutral
c.3467A>C,p.(Asp1156Ala),Cryptic Donor Strongly Activated?,N/A,N/A,0.941,0.231,0.000,Neutral,0.258,0.053,-1.188055447,0.1669405533,0,Neutral,1.198,0.390,0.000,Neutral
c.3487A>G,p.(Thr1163Ala),N/A,N/A,N/A,1.444,0.154,0.000,Neutral,0.273,0.076,-1.150956861,0.2514713957,0,Neutral,1.076,0.200,0.000,Neutral
c.3508A>G,p.(Ile1170Val),N/A,N/A,N/A,1.068,0.299,0.000,Neutral,0.848,0.543,-0.25937706,0.7135586891,0,Neutral,0.948,0.281,0.000,Neutral
c.3532A>G,p.(Ser1178Gly),N/A,N/A,N/A,1.176,0.700,0.000,Neutral,0.525,0.108,-0.5654161347,0.185651964,0,Neutral,0.861,0.134,0.000,Neutral
c.3596C>T,p.(Ala1199Val),Cryptic Acceptor Strongly Activated?,N/A,N/A,1.122,0.299,0.000,Neutral,0.291,0.214,-1.249815145,0.7713636737,0,Neutral,0.930,0.265,0.000,Neutral
c.3601G>A,p.(Gly1201Ser),N/A,N/A,N/A,0.982,0.537,0.000,Neutral,1.058,0.504,0.03260546927,0.4586954498,0,Neutral,0.873,0.425,0.000,Not cleard
c.3625T>G,p.(Leu1209Val),N/A,N/A,N/A,0.678,0.079,0.000,Neutral,1.255,0.638,0.1883171392,0.4816411699,0,Neutral,0.940,0.365,0.000,Neutral
c.3688T>G,p.(Leu1230Val),New Donor Site?,N/A,N/A,0.640,0.219,0.000,Neutral,1.161,0.120,0.1883605325,0.1007683722,0,Neutral,1.071,0.338,0.000,Neutral
c.3708T>Gc,p.(Asn1236Lys),N/A,N/A,N/A,1.286,0.284,0.000,Neutral,1.259,0.437,0.2350119674,0.3122316836,0,Neutral,0.965,0.028,0.000,Neutral
c.3711A>G,p.(Ile1237Met),Cryptic Acceptor weakly Activated?,N/A,N/A,0.814,0.161,0.000,Neutral,0.924,0.493,-0.1383339497,0.6181068628,0,Neutral,1.163,0.250,0.000,Neutral
c.3761A>G,p.(Lys1254Arg),N/A,N/A,N/A,0.694,0.027,0.000,Neutral,1.104,0.424,0.09560310206,0.3859326143,0,Neutral,1.193,0.375,0.000,Neutral
c.3800T>Cc,p.(Leu1267Ser),N/A,N/A,N/A,1.057,0.426,0.000,Neutral,1.152,0.152,0.1785260045,0.1319094376,0,Neutral,1.071,0.020,0.000,Neutral
c.3816C>A,p.(Asn1272Lys),N/A,N/A,N/A,1.090,0.591,0.000,Neutral,0.195,0.105,-1.468791829,0.4283515447,0,Neutral,0.955,0.341,0.000,Neutral
c.3835G>A,p.(Ala1279Thr),N/A,N/A,N/A,1.063,0.332,0.000,Neutral,0.440,0.186,-0.7652057249,0.3977886817,0,Neutral,0.920,0.446,0.000,Neutral
c.3891_3893delc,p.(Ser1298del),N/A,N/A,N/A,1.401,0.395,0.000,Neutral,1.932,1.729,0.3777489164,1.006956779,0,Neutral,1.241,0.333,0.000,Neutral
c.3903T>Ac,p.(Ser1301Arg),N/A,N/A,N/A,1.192,0.192,0.000,Neutral,0.765,1.044,-0.8018316655,1.305670515,0,Neutral,0.869,0.147,0.000,Neutral
c.3914A>T,p.(Asp1305Val),N/A,N/A,N/A,0.997,0.418,0.000,Neutral,0.722,0.362,-0.3574848546,0.5818755532,0,Neutral,1.092,0.365,0.000,Neutral
c.3918G>T,p.(Leu1306Phe),N/A,N/A,N/A,0.839,0.282,0.000,Neutral,0.622,0.387,-0.5294770517,0.6559240137,0,Neutral,0.942,0.346,0.000,Neutral
c.3959C>G,p.(Ser1320Cys),N/A,N/A,N/A,0.849,0.344,0.000,Neutral,0.532,0.448,-0.794826747,0.9332471006,0,Neutral,0.958,0.130,0.000,Neutral
c.4015G>A,p.(Glu1339Lys),N/A,N/A,N/A,0.903,0.140,0.000,Neutral,0.649,0.132,-0.3695622651,0.1906506589,0,Neutral,1.199,0.293,0.000,Neutral
c.4036G>Ac,p.(Glu1346Lys),N/A,N/A,N/A,0.918,0.438,0.000,Neutral,1.022,0.775,-0.09647050243,0.6917654154,0,Neutral,1.091,0.203,0.000,Neutral
c.4054G>A,p.(Glu1352Lys),N/A,N/A,N/A,0.689,0.088,0.000,Neutral,0.626,0.360,-0.5013380953,0.5933612999,0,Neutral,1.092,0.267,0.000,Neutral
c.4096G>A,p.(Gly1366Ser),Possible effect at nearest splice site,"Yes, disrupts splice donor exon 11",N/A,0.746,0.168,0.000,Neutral,0.731,0.524,-0.3897541511,0.6388505658,0,Neutral,0.988,0.259,0.000,Neutral
c.4132G>Ac,p.(Val1378Ile),N/A,N/A,N/A,0.899,0.141,0.000,Neutral,0.876,0.541,-0.1909231325,0.5837815434,0,Neutral,0.986,0.055,0.000,Neutral
"c.4198A>Gc, h",p.(Met1400Val),Possible effect at nearest splice site,Unlikely,N/A,1.099,0.271,0.000,Neutral,0.938,0.779,-0.2011631623,0.7246709552,0,Neutral,0.893,0.115,0.000,Neutral
"c.4220T>Cc, h",p.(Leu1407Pro),N/A,N/A,N/A,0.693,0.066,0.000,Neutral,0.334,0.195,-1.042861152,0.5098283536,0,Neutral,0.170,0.096,1.000,Deleterious
c.4228G>A,p.(Glu1410Lys),N/A,N/A,N/A,1.161,0.467,0.000,Neutral,0.945,0.155,-0.01400922481,0.16228839,0,Neutral,1.077,0.110,0.000,Neutral
"c.4232T>Cc, h",p.(Met1411Thr),N/A,N/A,N/A,0.782,0.202,0.000,Neutral,0.406,0.343,-0.9711913031,0.7428463411,0,Neutral,0.431,0.191,1.000,Deleterious
c.4259A>G,p.(Gln1420Arg),N/A,N/A,N/A,1.390,0.347,0.000,Neutral,1.535,0.350,0.4451196205,0.2149535031,0,Neutral,1.186,0.154,0.000,Neutral
c.4286A>C,p.(Tyr1429Ser),Cryptic Acceptor Strongly Activated?,N/A,N/A,0.946,0.406,0.000,Neutral,0.463,0.274,-0.7755849049,0.5924211692,0,Neutral,0.844,0.391,0.000,Neutral
c.4315C>T,p.(Leu1439Phe),N/A,N/A,N/A,0.868,0.344,0.000,Neutral,0.410,0.478,-1.235700893,1.251679269,0,Not cleard,1.013,0.313,0.000,Neutral
c.4337A>G,p.(Glu1446Gly),N/A,N/A,N/A,1.113,0.327,0.000,Neutral,0.802,0.549,-0.2852196257,0.5921442922,0,Neutral,1.020,0.393,0.000,Neutral
c.4342A>Gc,p.(Ser1448Gly),N/A,N/A,N/A,1.010,0.487,0.000,Neutral,1.021,0.536,-0.03587398069,0.5895112921,0,Neutral,1.065,0.073,0.000,Neutral
c.4421C>G,p.(Ala1474Gly),New Donor Site?,N/A,N/A,1.035,0.372,0.000,Neutral,0.551,0.405,-0.6455178868,0.6190482355,0,Neutral,0.947,0.377,0.000,Neutral
c.4454C>T,p.(Thr1485Ile),N/A,N/A,N/A,1.205,0.678,0.000,Neutral,0.405,0.390,-1.313961088,1.519745904,0,Not cleard,1.015,0.291,0.000,Neutral
c.4456A>Tc,p.(Ser1486Cys),N/A,N/A,N/A,1.227,0.411,0.000,Neutral,1.105,0.750,-0.06121691881,0.8588340354,0,Neutral,0.641,0.126,0.589,Intermediate
c.4514A>T,p.(Asp1505Val),N/A,N/A,N/A,0.897,0.088,0.000,Neutral,0.558,0.469,-0.6817955318,0.7190788668,0,Neutral,0.861,0.247,0.000,Neutral
c.4520G>C,p.(Arg1507Thr),N/A,N/A,N/A,1.301,0.329,0.000,Neutral,0.453,0.173,-0.734247872,0.3959075102,0,Neutral,1.033,0.426,0.000,Neutral
c.4552C>A,p.(Gln1518Lys),N/A,N/A,N/A,1.176,0.377,0.000,Neutral,0.531,0.399,-0.6850196091,0.6301059841,0,Neutral,1.111,0.280,0.000,Neutral
c.4625C>G,p.(Ser1542Cys),N/A,N/A,N/A,1.012,0.332,0.000,Neutral,0.723,0.382,-0.3414974637,0.5064508225,0,Neutral,0.980,0.324,0.000,Neutral
c.4636G>T,p.(Asp1546Tyr),N/A,N/A,N/A,0.930,0.298,0.000,Neutral,0.300,0.109,-1.080148406,0.2960849194,0,Neutral,1.109,0.514,0.000,Neutral
c.4649C>T,p.(Thr1550Ile),Cryptic Acceptor Strongly Activated?,N/A,N/A,1.145,0.126,0.000,Neutral,0.338,0.321,-1.27661713,1.09961927,0,Not cleard,0.918,0.268,0.000,Neutral
c.4666C>A,p.(Gln1556Lys),N/A,N/A,N/A,0.987,0.237,0.000,Neutral,0.564,0.546,-0.8352568943,1.097308702,0,Neutral,0.950,0.334,0.000,Neutral
c.4675G>Ai,p.(Glu1559Lys),Possible effect at nearest splice site,"Yes, disrupts splice donor exon 15; frameshiftf, j",N/A,0.957,0.468,0.000,Neutral,0.111,0.087,-1.925058471,0.5524901004,0,Not cleard,0.966,0.455,0.000,Neutral
c.4682C>T,p.(Thr1561Ile),Possible effect at nearest splice site,Unlikely,N/A,1.036,0.321,0.000,Neutral,0.537,0.112,-0.5437143506,0.1863815739,0,Neutral,0.662,0.159,0.178,Intermediate
c.4730C>A,p.(Ser1577Tyr),N/A,N/A,N/A,1.342,0.517,0.000,Neutral,2.522,1.638,0.7151922027,0.935165194,0,Neutral,0.664,0.283,0.145,Intermediate
c.4748G>A,p.(Arg1583Lys),N/A,N/A,N/A,0.856,0.093,0.000,Neutral,1.298,1.029,0.06929911966,0.8662513107,0,Neutral,1.255,0.420,0.000,Neutral
c.4758G>T,p.(Glu1586Asp),N/A,N/A,N/A,1.136,0.710,0.000,Neutral,1.118,0.615,0.06992524795,0.4926624392,0,Neutral,1.241,0.289,0.000,Neutral
c.4766G>Cc,p.(Arg1589Pro),N/A,N/A,N/A,1.441,0.583,0.000,Neutral,0.933,0.638,-0.1449862498,0.5984235097,0,Neutral,0.828,0.288,0.000,Neutral
c.4776C>G,p.(Asn1592Lys),N/A,N/A,N/A,0.969,0.533,0.000,Neutral,0.454,0.158,-0.7239920365,0.354326105,0,Neutral,1.030,0.170,0.000,Neutral
c.4810C>G,p.(Gln1604Glu),N/A,N/A,N/A,0.920,0.400,0.000,Neutral,0.336,0.355,-1.461214654,1.445093153,0,Not cleard,0.843,0.266,0.000,Neutral
c.4816A>G,p.(Lys1606Glu),N/A,N/A,N/A,0.849,0.198,0.000,Neutral,0.753,0.282,-0.2689333487,0.4037229956,0,Neutral,1.872,0.273,0.000,Neutral
c.4823C>T,p.(Ala1608Val),N/A,N/A,N/A,0.870,0.458,0.000,Neutral,1.004,0.525,-0.02175123884,0.4587407184,0,Neutral,1.317,0.513,0.000,Neutral
c.4837A>Tk,p.(Ser1613Cys),N/A,N/A,N/A,0.827,0.716,0.000,Not cleard,0.433,0.119,-0.7511142464,0.2663831779,0,Neutral,1.247,0.346,0.000,Neutral
c.4843G>A,p.(Ala1615Thr),N/A,N/A,N/A,0.872,0.554,0.000,Neutral,0.699,0.330,-0.3664554001,0.5019092644,0,Neutral,1.209,0.337,0.000,Neutral
c.4879G>A,p.(Ala1627Thr),N/A,N/A,N/A,0.843,0.542,0.000,Neutral,0.489,0.069,-0.6230338922,0.1326692241,0,Neutral,1.282,0.466,0.000,Neutral
c.4934G>C,p.(Arg1645Thr),N/A,N/A,-0.22,0.916,0.327,0.000,Neutral,0.921,0.184,-0.0417585028,0.1991473592,0,Neutral,0.683,0.127,0.032,Likely neutral
c.4936G>T,p.(Val1646Phe),New Donor Site?,N/A,-0.11,0.945,0.273,0.000,Neutral,2.009,1.518,0.5287430281,0.773788803,0,Neutral,0.636,0.148,0.709,Intermediate
c.4951T>Cc,p.(Ser1651Pro),N/A,N/A,-0.86,-0.063,0.452,1.000,Deleterious,0.000,0.004,-2.996440212,0.09006949534,1,Deleterious,-0.121,0.032,1.000,Deleterious
"c.4952C>Tc, h",p.(Ser1651Phe),N/A,N/A,0.18,0.953,0.347,0.000,Neutral,0.313,0.165,-1.101358359,0.5489251175,0,Neutral,0.778,0.212,0.000,Neutral
c.4964C>Tc,p.(Ser1655Phe),N/A,N/A,-0.52,-0.043,0.070,1.000,Deleterious,0.001,0.004,-2.981506046,0.07555638047,1,Deleterious,-0.045,0.074,1.000,Deleterious
c.4979A>C,p.(Glu1660Ala),N/A,N/A,0.36,0.965,0.222,0.000,Neutral,0.641,0.491,-0.582841632,0.848261948,0,Neutral,0.698,0.041,0.008,Neutral
c.5000A>C,p.(Lys1667Thr),Possible effect at nearest splice site,Unlikely,-1.06,1.029,0.124,0.000,Neutral,0.739,0.532,-0.4057670041,0.7319344567,0,Neutral,0.740,0.142,0.000,Neutral
c.5002T>C,p.(Phe1668Leu),Possible effect at nearest splice site,Unlikely,0.46,0.908,0.146,0.000,Neutral,0.643,0.469,-0.5067777618,0.6264896802,0,Neutral,0.581,0.077,0.998,Deleterious
c.5005G>T,p.(Ala1669Ser),N/A,N/A,0.47,1.003,0.069,0.000,Neutral,0.864,0.811,-0.3619447201,0.9035774039,0,Neutral,0.637,0.158,0.682,Intermediate
c.5057A>Gc,p.(His1686Arg),N/A,N/A,-0.45,0.094,0.075,1.000,Deleterious,0.000,0.002,-2.994064462,0.03272418989,1,Deleterious,0.009,0.014,1.000,Deleterious
c.5058T>Ac,p.(His1686Gln),N/A,N/A,0.18,-0.093,0.111,1.000,Deleterious,-0.002,0.004,-3.037729016,0.07747103548,1,Deleterious,-0.037,0.057,1.000,Deleterious
c.5062G>C,p.(Val1688Leu),Cryptic Acceptor Strongly Activated?,N/A,-0.28,0.840,0.224,0.000,Neutral,0.307,0.194,-1.141523079,0.6009633965,0,Neutral,0.582,0.117,0.998,Deleterious
c.5066T>A,p.(Met1689Lys),N/A,N/A,-1.06,0.095,0.094,1.000,Deleterious,0.005,0.005,-2.895028291,0.08684004095,1,Deleterious,-0.074,0.034,1.000,Deleterious
c.5071A>G,p.(Thr1691Ala),N/A,N/A,-0.34,0.549,0.288,0.000,Neutral,0.073,0.044,-2.136852903,0.3476178768,0.8533224075,Intermediate,0.210,0.030,1.000,Deleterious
c.5072C>Tc,p.(Thr1691Ile),Possible effect at nearest splice site,"Yes, disrupts splice donor of exon 17; skipping of exon 17 and decreased wild-type transcriptl, m",-3.61,-0.048,0.368,1.000,Deleterious,0.002,0.003,-2.966803586,0.06824121273,1,Deleterious,-0.036,0.098,1.000,Deleterious
c.5074G>A,p.(Asp1692Asn),Possible effect at nearest splice site,"Yes, disrupts splice donor of exon 17; skipping of exon 17, inframe retention of 153 bp of intron 17, decreased wild-type transcriptm",-3.13,0.942,0.130,0.000,Neutral,0.492,0.067,-0.6185066478,0.127678008,0,Neutral,0.592,0.141,0.994,Deleterious
c.5074G>Ci,p.(Asp1692His),Possible effect at nearest splice site,"Yes, disrupts splice donor of exon 17; skipping of exon 17, inframe retention of 153 bp of intron 17, decreased wild-type transcriptj, l, m, n",-4.52,0.512,0.274,0.000,Neutral,0.055,0.032,-2.283848805,0.3160255387,0.9999984236,Deleterious,0.064,0.031,1.000,Deleterious
c.5114T>C,p.(Leu1705Pro),N/A,N/A,-0.1,0.092,0.186,1.000,Deleterious,0.005,0.003,-2.893440477,0.05955589877,1,Deleterious,-0.035,0.046,1.000,Deleterious
c.5128G>A,p.(Gly1710Arg),N/A,N/A,-0.05,0.995,0.228,0.000,Neutral,1.359,0.730,0.2406438,0.5729020848,0,Neutral,0.598,0.069,0.990,Likely deleterious
c.5154G>Tc,p.(Trp1718Cys),New Donor Site? Possible effect at nearest splice site,Unlikely; no effectj,N/A,-0.086,0.307,1.000,Deleterious,-0.001,0.004,-3.011320692,0.08187380589,1,Deleterious,-0.130,0.068,1.000,Deleterious
c.5167A>G,p.(Ile1723Val),Possible effect at nearest splice site,Unlikely,N/A,0.768,0.141,0.000,Neutral,0.549,0.200,-0.5504437955,0.3348118055,0,Neutral,0.709,0.120,0.003,Neutral
c.5176A>G,p.(Arg1726Gly),N/A,N/A,N/A,0.866,0.077,0.000,Neutral,0.515,0.191,-0.6099071521,0.3434714198,0,Neutral,0.752,0.215,0.000,Neutral
c.5203G>Ac,p.(Glu1735Lys),Cryptic Acceptor Strongly Activated? Possible effect at nearest splice site,Unlikely,-0.88,0.041,0.344,1.000,Deleterious,0.001,0.005,-2.981393178,0.09144318681,1,Deleterious,-0.099,0.052,1.000,Deleterious
c.5207T>Cc,p.(Val1736Ala),Possible effect at nearest splice site,Unlikely,-0.16,0.402,0.243,0.789,Not cleard,0.025,0.007,-2.598200586,0.08876339371,1,Deleterious,0.096,0.073,1.000,Deleterious
c.5216A>Gc,p.(Asp1739Gly),New Donor Site?,N/A,-0.6,0.126,0.133,1.000,Deleterious,0.001,0.003,-2.981826929,0.04981768486,1,Deleterious,-0.080,0.021,1.000,Deleterious
c.5216A>Tc,p.(Asp1739Val),N/A,N/A,-0.43,0.137,0.132,1.000,Deleterious,0.001,0.005,-2.969609933,0.08623200509,1,Deleterious,-0.046,0.031,1.000,Deleterious
c.5225A>G,p.(Asn1742Ser),N/A,N/A,0.11,0.645,0.050,0.000,Neutral,0.243,0.156,-1.345273831,0.6337394596,0,Neutral,0.379,0.075,1.000,Deleterious
c.5228G>A,p.(Gly1743Glu),N/A,N/A,-0.3,0.193,0.083,1.000,Deleterious,0.024,0.010,-2.604302837,0.1345890287,1,Deleterious,-0.040,0.046,1.000,Deleterious
c.5238C>Gc,p.(His1746Gln),N/A,N/A,0.05,0.495,0.125,0.001,Neutral,0.033,0.009,-2.489210236,0.1035080234,1,Deleterious,0.269,0.061,1.000,Deleterious
c.5241A>C,p.(Gln1747His),N/A,N/A,-0.02,0.893,0.162,0.000,Neutral,0.255,0.199,-1.316193905,0.6046571765,0,Neutral,0.830,0.330,0.000,Neutral
c.5258G>Cc,p.(Arg1753Thr),N/A,N/A,-0.72,0.705,0.089,0.000,Neutral,0.163,0.040,-1.559023438,0.1818783908,0,Neutral,0.767,0.027,0.000,Neutral
c.5300G>Cc,p.(Cys1767Ser),N/A,N/A,-0.7,0.662,0.431,0.000,Neutral,0.119,0.042,-1.800417755,0.2634735723,0,Neutral,0.528,0.110,1.000,Deleterious
c.5339T>C,p.(Leu1780Pro),N/A,N/A,-0.4,0.033,0.117,1.000,Deleterious,0.001,0.005,-2.986360641,0.09743366577,1,Deleterious,-0.020,0.118,1.000,Deleterious
c.5346G>Tc,p.(Trp1782Cys),New Donor Site? Possible effect at nearest splice site,Unlikely,-0.4,0.890,0.246,0.000,Neutral,0.593,0.447,-0.587171757,0.637519172,0,Neutral,0.782,0.128,0.000,Neutral
c.5348T>C,p.(Met1783Thr),Cryptic Donor Strongly Activated? Possible effect at nearest splice site,Unlikely,0.13,0.375,0.069,0.973,Not cleard,0.048,0.026,-2.345282737,0.2754796559,0.9999999829,Deleterious,0.539,0.132,1.000,Deleterious
c.5357T>C,p.(Leu1786Pro),N/A,N/A,-0.43,-0.011,0.039,1.000,Deleterious,-0.001,0.003,-3.01028257,0.05231686064,1,Deleterious,-0.149,0.116,1.000,Deleterious
c.5359T>Ah,p.(Cys1787Ser),N/A,N/A,0.07,0.425,0.069,0.344,Intermediate,0.166,0.136,-1.658626882,0.6128210781,0,Neutral,0.965,0.286,0.000,Neutral
c.5363G>Ah,p.(Gly1788Asp),N/A,N/A,0.08,0.476,0.125,0.005,Neutral,0.039,0.015,-2.425784837,0.1701524108,0.9999999999,Deleterious,0.291,0.097,1.000,Deleterious
c.5365G>Ac,p.(Ala1789Thr),N/A,N/A,-0.42,-0.168,0.312,1.000,Deleterious,0.002,0.002,-2.959256556,0.03430385466,1,Deleterious,-0.087,0.037,1.000,Deleterious
c.5382G>Cc,p.(Glu1794Asp),Cryptic Acceptor Strongly Activated?,N/A,0.02,0.992,0.309,0.000,Neutral,0.793,0.108,-0.1762733119,0.1308762074,0,Neutral,1.122,0.152,0.000,Neutral
c.5387C>T,p.(Ser1796Leu),N/A,N/A,-0.69,0.969,0.326,0.000,Neutral,0.307,0.263,-1.418936479,1.285880627,0,Not cleard,0.784,0.201,0.000,Neutral
c.5419A>T,p.(Ile1807Phe),Cryptic Acceptor Strongly Activated? Possible effect at nearest splice site,Unlikely,0.06,0.496,0.197,0.001,Neutral,0.033,0.020,-2.512024532,0.2383149113,1,Deleterious,0.438,0.232,1.000,Deleterious
c.5425G>T,p.(Val1809Phe),Cryptic Acceptor Strongly Activated? Possible effect at nearest splice site,Unlikely,N/A,0.036,0.133,1.000,Deleterious,0.000,0.002,-2.994769198,0.03289790795,1,Deleterious,-0.119,0.028,1.000,Deleterious
c.5435C>Gc,p.(Pro1812Arg),Cryptic Acceptor Strongly Activated?,N/A,0.7,1.155,0.274,0.000,Neutral,0.548,0.406,-0.6556692851,0.631332659,0,Neutral,0.523,0.099,1.000,Deleterious
c.5482T>G,p.(Cys1828Gly),Cryptic Donor Strongly Activated? Possible effect at nearest splice site,Unlikely,-1.01,0.850,0.232,0.000,Neutral,0.367,0.212,-0.9968541745,0.6557047938,0,Neutral,0.911,0.296,0.000,Neutral
c.5487G>C,p.(Glu1829Asp),Possible effect at nearest splice site,Unlikely,-0.28,0.674,0.187,0.000,Neutral,0.523,0.154,-0.5831795993,0.2886810744,0,Neutral,0.944,0.312,0.000,Neutral
c.5495T>G,p.(Val1832Gly),N/A,N/A,-1.43,0.054,0.012,1.000,Deleterious,0.004,0.003,-2.92826784,0.04826354908,1,Deleterious,-0.085,0.204,1.000,Deleterious
c.5497G>A,p.(Val1833Met),N/A,N/A,0.57,0.155,0.061,1.000,Deleterious,0.014,0.013,-2.759795579,0.2002578893,1,Deleterious,-0.009,0.206,1.000,Deleterious
c.5509T>Cc,p.(Trp1837Arg),N/A,N/A,-0.48,-0.105,0.291,1.000,Deleterious,-0.002,0.006,-3.048266385,0.1361816082,1,Deleterious,-0.103,0.038,1.000,Deleterious
c.5512G>A,p.(Val1838Met),N/A,N/A,-0.53,0.598,0.112,0.000,Neutral,0.040,0.008,-2.406978524,0.09030797793,0.9999999998,Deleterious,0.349,0.107,1.000,Deleterious
c.5513T>G,p.(Val1838Gly),N/A,N/A,-0.96,-0.037,0.041,1.000,Deleterious,0.002,0.005,-2.967531344,0.1017932547,1,Deleterious,-0.014,0.070,1.000,Deleterious
c.5530C>T,p.(Leu1844Phe),N/A,N/A,-1.06,0.594,0.434,0.000,Not cleard,0.348,0.172,-0.9774270414,0.4007124318,0,Neutral,1.203,0.111,0.000,Neutral
c.5585A>Tc,p.(His1862Leu),Cryptic Acceptor Strongly Activated?,N/A,N/A,1.174,0.505,0.000,Neutral,1.381,1.036,0.1722228093,0.7592758088,0,Neutral,1.109,0.056,0.000,Neutral
,,,,,,,,,,,,,,,,,,
"aFindlay et al., Nature. 2018 Oct;562(7726):217-222. ",,,,,,,,,,,,,,,,,,
bnIC50/%GFP+ = normalized IC50/%GFP+.,,,,,,,,,,,,,,,,,,
"cVariant also analyzed for complementation of cisplatin sensitivity in Bouwman et al.,Cancer Discov. 2013 Oct;3(10):1142-55. ",,,,,,,,,,,,,,,,,,
dNot clear because of opposite classification +/- the standard deviation of repeat experiments.,,,,,,,,,,,,,,,,,,
"eGelli et al., Cancers (Basel). 2019 Mar 1;11(3).  ",,,,,,,,,,,,,,,,,,
"fWangensteen et al., Hered Cancer Clin Pract. 2019 May 22;17:14.",,,,,,,,,,,,,,,,,,
"gThe BRCA1 cDNA used in this work contains benign SNP c.3113A>G p.(Glu1038Gly), the actual variant generated is c.3113G>A;c.3114A>C p.(Gly1038Asp).",,,,,,,,,,,,,,,,,,
hThis VUS has not been reported in the Netherlands or Belgium.,,,,,,,,,,,,,,,,,,
iThis variant has recently been classified as pathogenic upon expert panel review.   ,,,,,,,,,,,,,,,,,,
"jWappenschmidt et al., PLoS One. 2012;7(12):e50800. ",,,,,,,,,,,,,,,,,,
"kThe BRCA1 cDNA used in this work contains benign SNP c.4837A>G p.(Ser1613Gly), the actual variant generated is c.4837G>T p.(Gly1613Cys).",,,,,,,,,,,,,,,,,,
"lHoudayer et al., Hum Mutat. 2012 Aug;33(8):1228-38.",,,,,,,,,,,,,,,,,,
"mAhlborn et al., Breast Cancer Res Treat. 2015 Apr;150(2):289-98.",,,,,,,,,,,,,,,,,,
"nThomassen et al., Breast Cancer Res Treat. 2012 Apr;132(3):1009-23. ",,,,,,,,,,,,,,,,,,