HGVS,Amino_acid_change,Relative_HR_activity,HR_function,Prediction_score,In_silico_prediction,Classification_in_this_study,ACMG_AMP_annotation
c.154C>T,p.Leu52Phe,0.72,Benign,0.72,Benign,Class 4,Benign
c.213G>T,p.Arg71Ser,0.94,Benign,0.16,Pathogenic,Class 3,VUS
c.284T>C,p.Leu95Pro,0.85,Benign,0.17,Pathogenic,Class 3,VUS
c.341C>T,p.Ser114Phe,0.92,Benign,0.38,Pathogenic,Class 3,VUS
c.626C>T,p.Pro209Leu,0.60,Pathogenic,1.00,Benign,Class 2,Benign
c.776A>T,p.Glu259Val,0.79,Benign,0.63,Benign,Class 4,Benign
c.815A>G,p.Glu272Gly,0.62,Pathogenic,0.00,Pathogenic,Class 1,Pathogenic
c.1083A>C,p.Ser361=,0.81,Benign,0.99,Benign,Class 4,Benign
c.1202G>A,p.Gly401Glu,0.80,Benign,1.00,Benign,Class 4,Benign
c.1212A>C,p.Glu404Asp,0.87,Benign,1.00,Benign,Class 4,Benign
c.1310A>G,p.His437Arg,0.93,Benign,1.00,Benign,Class 4,Benign
c.1322T>C,p.Ile441Thr,0.91,Benign,1.00,Benign,Class 4,Benign
c.1357G>C,p.Glu453Gln,0.74,Benign,1.00,Benign,Class 4,Benign
c.1380A>G,p.Ile460Met,0.89,Benign,1.00,Benign,Class 4,Benign
c.1497A>G,p.Thr499=,0.65,Pathogenic,0.99,Benign,Class 2,VUS
c.1538A>G,p.His513Arg,0.77,Benign,1.00,Benign,Class 4,Benign
c.1773A>G,p.Ile591Met,0.71,Benign,1.00,Benign,Class 4,Benign
c.1879G>A,p.Val627Ile,0.64,Pathogenic,0.63,Benign,Class 2,VUS
c.2464A>G,p.Asn822Asp,1.02,Benign,1.00,Benign,Class 4,Benign
c.2527A>G,p.Thr843Ala,1.06,Benign,1.00,Benign,Class 4,Benign
c.2564A>C,p.Gln855Pro,0.69,Benign,0.61,Benign,Class 4,Benign
c.2726A>T,p.Asn909Ile,0.70,Benign,1.00,Benign,Class 4,Benign
c.3053A>G,p.Asn1018Ser,0.78,Benign,1.00,Benign,Class 4,Benign
c.3091A>T,p.Ile1031Phe,0.77,Benign,1.00,Benign,Class 4,Benign
c.3113A>C,p.Glu1038Ala,0.80,Benign,1.00,Benign,Class 4,Benign
c.3215T>C,p.Leu1072Pro,1.07,Benign,0.00,Pathogenic,Class 3,VUS
c.3283A>G,p.Lys1095Glu,0.57,Pathogenic,0.00,Pathogenic,Class 1,Pathogenic
c.3449C>G,p.Pro1150Arg,0.83,Benign,0.00,Pathogenic,Class 3,VUS
c.3467A>T,p.Asp1156Val,0.78,Benign,0.99,Benign,Class 4,Benign
c.3611G>T,p.Arg1204Ile,0.80,Benign,1.00,Benign,Class 4,Benign
c.3649T>C,p.Ser1217Pro,0.83,Benign,0.92,Benign,Class 4,Benign
c.4010A>G,p.Asp1337Gly,1.07,Benign,0.00,Pathogenic,Class 3,VUS
c.4134C>T,p.Val1378=,1.01,Benign,0.99,Benign,Class 4,Benign
c.4760C>T,p.Ser1587Leu,1.04,Benign,0.00,Pathogenic,Class 3,VUS
c.4935G>C,p.Arg1645Ser,0.91,Benign,1.00,Benign,Class 4,Benign
c.4951T>C,p.Ser1651Pro,0.74,Benign,0.93,Benign,Class 4,Benign
c.4957G>T,p.Val1653Leu,0.56,Pathogenic,0.82,Benign,Class 2,Pathogenic
c.5041A>C,p.Thr1681Pro,0.48,Pathogenic,0.93,Benign,Class 2,Pathogenic
c.5177G>A,p.Arg1726Lys,0.79,Benign,0.93,Benign,Class 4,Benign
c.5255C>G,p.Ala1752Gly,0.91,Benign,0.82,Benign,Class 4,Benign
c.5257A>G,p.Arg1753Gly,0.75,Benign,0.82,Benign,Class 4,Benign
c.5281T>G,p.Phe1761Val,0.29,Pathogenic,0.83,Benign,Class 2,Pathogenic
c.5306A>G,p.Tyr1769Cys,0.82,Benign,0.93,Benign,Class 4,Benign
c.5318C>T,p.Thr1773Ile,0.60,Pathogenic,0.82,Benign,Class 2,Pathogenic
c.5332G>A,p.Asp1778Asn,1.07,Benign,0.99,Benign,Class 4,Benign
c.5347A>C,p.Met1783Leu,1.18,Benign,0.98,Benign,Class 4,Benign
c.5347A>G,p.Met1783Val,0.77,Benign,0.98,Benign,Class 4,Benign
c.5407G>A,p.Gly1803Ser,0.25,Pathogenic,0.93,Benign,Class 2,Pathogenic
c.5507A>G,p.Glu1836Gly,0.71,Benign,0.93,Benign,Class 4,Benign
c.5557T>C,p.Tyr1853His,0.68,Benign,0.83,Benign,Class 4,Benign
